file,emotion,mean_pitch,std_pitch,H->H,H->L,L->L,L->H,H->VL,VL->VL,VL->L,L->VL,H->VH,VH->H,VH->VH,L->VH,VH->L,VL->H,VL->VH,VH->VL
03a01Fa.wav,Unknown,214.5439881519585,43.620504703936064,7.0,1.0,8.0,2.0,1.0,3.0,2.0,1.0,2.0,1.0,2.0,0.0,0.0,0.0,0.0,0.0
03a01Nc.wav,Unknown,112.81977113146519,27.1666836898822,8.0,1.0,12.0,0.0,0.0,6.0,2.0,3.0,1.0,2.0,8.0,1.0,0.0,0.0,0.0,0.0
03a01Wa.wav,Unknown,194.38493512510675,27.873255101706206,4.0,3.0,7.0,1.0,0.0,5.0,1.0,1.0,0.0,1.0,7.0,2.0,0.0,0.0,0.0,0.0
03a02Fc.wav,Unknown,246.06635647115897,55.767749893357255,10.0,2.0,12.0,1.0,0.0,10.0,0.0,1.0,1.0,2.0,8.0,1.0,0.0,0.0,0.0,0.0
03a02Nc.wav,Unknown,119.73757063316229,18.89228693614131,13.0,1.0,5.0,0.0,0.0,9.0,0.0,1.0,2.0,3.0,5.0,0.0,0.0,0.0,0.0,0.0
03a02Ta.wav,Unknown,104.11607695074319,12.544553408015739,17.0,1.0,14.0,0.0,0.0,0.0,1.0,1.0,1.0,1.0,2.0,0.0,0.0,0.0,0.0,0.0
03a02Wb.wav,Unknown,199.63718147324508,41.683348202071954,7.0,1.0,22.0,1.0,0.0,5.0,1.0,2.0,1.0,0.0,6.0,1.0,2.0,0.0,0.0,0.0
03a02Wc.wav,Unknown,262.996894333425,54.74564187893554,9.0,2.0,8.0,3.0,1.0,5.0,0.0,1.0,2.0,1.0,7.0,0.0,1.0,1.0,0.0,0.0
03a04Ad.wav,Unknown,239.28337707203858,25.155239704871835,12.0,3.0,13.0,1.0,0.0,4.0,0.0,2.0,1.0,1.0,4.0,0.0,0.0,1.0,0.0,0.0
03a04Fd.wav,Unknown,176.9548681373435,43.66786657691436,6.0,2.0,4.0,1.0,0.0,6.0,1.0,2.0,1.0,2.0,8.0,0.0,0.0,0.0,0.0,0.0
03a04Lc.wav,Unknown,112.35089568338313,29.418052678966404,5.0,3.0,36.0,2.0,0.0,0.0,0.0,0.0,0.0,1.0,7.0,0.0,0.0,0.0,0.0,0.0
03a04Nc.wav,Unknown,119.38649064466405,22.192535720574067,15.0,1.0,8.0,0.0,0.0,11.0,0.0,1.0,0.0,1.0,6.0,0.0,0.0,0.0,0.0,0.0
03a04Ta.wav,Unknown,96.3191791218336,7.970350452669463,5.0,1.0,16.0,0.0,0.0,2.0,2.0,3.0,1.0,2.0,8.0,0.0,0.0,0.0,0.0,0.0
03a04Wc.wav,Unknown,272.76553757104165,28.842986310338958,8.0,3.0,17.0,4.0,1.0,4.0,0.0,1.0,0.0,0.0,4.0,0.0,2.0,0.0,2.0,0.0
03a05Aa.wav,Unknown,239.79497283996724,29.988713465705963,18.0,4.0,20.0,2.0,2.0,14.0,0.0,1.0,1.0,2.0,13.0,2.0,1.0,3.0,1.0,1.0
03a05Fc.wav,Unknown,200.60878800419616,43.85250282093168,25.0,4.0,18.0,1.0,0.0,9.0,0.0,2.0,2.0,3.0,7.0,1.0,0.0,1.0,0.0,0.0
03a05Nd.wav,Unknown,129.65412609035175,14.334762093920276,18.0,2.0,20.0,0.0,0.0,15.0,0.0,2.0,3.0,3.0,8.0,0.0,0.0,1.0,0.0,0.0
03a05Tc.wav,Unknown,105.04798495980702,10.006613644393651,10.0,4.0,25.0,1.0,0.0,8.0,1.0,1.0,0.0,3.0,11.0,2.0,0.0,0.0,0.0,0.0
03a05Wa.wav,Unknown,202.08574943476256,39.97174552193455,12.0,2.0,27.0,3.0,0.0,2.0,2.0,1.0,1.0,0.0,8.0,0.0,0.0,0.0,0.0,0.0
03a05Wb.wav,Unknown,272.7061727932131,32.78720605968422,14.0,4.0,13.0,5.0,0.0,8.0,3.0,2.0,2.0,1.0,13.0,1.0,1.0,0.0,0.0,0.0
03a07Fa.wav,Unknown,218.80436772626828,49.391449319980275,17.0,3.0,11.0,2.0,0.0,11.0,0.0,1.0,3.0,3.0,8.0,0.0,0.0,1.0,0.0,0.0
03a07Fb.wav,Unknown,259.87307224901025,51.35027638548578,20.0,3.0,25.0,2.0,0.0,5.0,2.0,3.0,0.0,1.0,9.0,1.0,0.0,0.0,0.0,0.0
03a07La.wav,Unknown,109.59598129637092,26.028853876531894,15.0,1.0,31.0,0.0,0.0,4.0,2.0,2.0,0.0,1.0,10.0,1.0,0.0,0.0,0.0,0.0
03a07Nc.wav,Unknown,124.98284683715148,19.70371772631912,16.0,1.0,12.0,0.0,0.0,10.0,0.0,1.0,2.0,2.0,7.0,0.0,0.0,0.0,0.0,0.0
03a07Wc.wav,Unknown,264.12281755727196,45.0185839578493,15.0,2.0,17.0,2.0,0.0,8.0,1.0,2.0,1.0,1.0,8.0,0.0,0.0,0.0,0.0,0.0
03b01Fa.wav,Unknown,210.40451442568195,44.87035509030408,16.0,4.0,20.0,4.0,0.0,9.0,2.0,2.0,1.0,1.0,7.0,0.0,0.0,1.0,0.0,0.0
03b01Lb.wav,Unknown,114.1614382837968,24.115145833207382,19.0,3.0,27.0,2.0,0.0,9.0,1.0,1.0,2.0,3.0,9.0,0.0,0.0,0.0,0.0,0.0
03b01Nb.wav,Unknown,114.71496949748646,17.85939542387827,5.0,3.0,31.0,1.0,0.0,2.0,2.0,2.0,0.0,2.0,11.0,2.0,0.0,0.0,0.0,0.0
03b01Td.wav,Unknown,119.36767984064407,26.39146852991645,10.0,2.0,6.0,0.0,0.0,4.0,0.0,1.0,0.0,1.0,5.0,1.0,0.0,0.0,0.0,0.0
03b01Wa.wav,Unknown,204.42273501236403,42.75703405899534,17.0,3.0,23.0,1.0,0.0,6.0,0.0,1.0,0.0,1.0,6.0,1.0,0.0,0.0,0.0,0.0
03b01Wc.wav,Unknown,191.6999902073223,43.05755059169348,22.0,3.0,26.0,2.0,0.0,6.0,1.0,1.0,1.0,2.0,9.0,1.0,0.0,0.0,0.0,0.0
03b02Aa.wav,Unknown,211.3182944839623,25.65216841882114,15.0,5.0,18.0,3.0,0.0,9.0,2.0,4.0,3.0,4.0,13.0,1.0,0.0,1.0,1.0,0.0
03b02La.wav,Unknown,107.94790781113956,17.227054200098525,19.0,3.0,45.0,3.0,1.0,6.0,1.0,1.0,1.0,2.0,13.0,1.0,1.0,1.0,0.0,0.0
03b02Na.wav,Unknown,108.52721321993803,18.82512664746407,6.0,2.0,33.0,2.0,1.0,9.0,0.0,1.0,1.0,1.0,13.0,0.0,0.0,1.0,0.0,0.0
03b02Tb.wav,Unknown,106.8008930100651,13.879108838613234,13.0,2.0,34.0,1.0,1.0,13.0,0.0,1.0,3.0,3.0,15.0,1.0,1.0,1.0,0.0,0.0
03b02Wb.wav,Unknown,176.47267995361733,22.40599354819698,21.0,4.0,13.0,4.0,1.0,6.0,2.0,1.0,1.0,3.0,5.0,1.0,0.0,0.0,1.0,0.0
03b03Nb.wav,Unknown,120.55775737689066,21.19940181265849,51.0,3.0,18.0,3.0,1.0,16.0,2.0,2.0,1.0,1.0,10.0,0.0,0.0,0.0,0.0,0.0
03b03Tc.wav,Unknown,107.1126901399376,9.151133677317157,14.0,6.0,45.0,5.0,1.0,4.0,2.0,0.0,1.0,2.0,7.0,2.0,0.0,0.0,0.0,1.0
03b03Wc.wav,Unknown,227.50020097340703,29.559754765007487,23.0,7.0,32.0,5.0,0.0,13.0,3.0,5.0,2.0,3.0,11.0,1.0,0.0,1.0,0.0,0.0
03b09La.wav,Unknown,107.48463957592939,21.586233944666606,14.0,2.0,29.0,1.0,0.0,15.0,1.0,1.0,1.0,2.0,16.0,1.0,1.0,0.0,0.0,0.0
03b09Nc.wav,Unknown,125.9432212179233,21.598691275688484,13.0,4.0,22.0,2.0,0.0,14.0,0.0,1.0,1.0,2.0,14.0,1.0,0.0,0.0,0.0,0.0
03b09Tc.wav,Unknown,120.85718754377794,14.437502494529982,19.0,4.0,9.0,3.0,1.0,12.0,4.0,5.0,3.0,4.0,12.0,0.0,0.0,1.0,0.0,0.0
03b09Wa.wav,Unknown,179.4466797999459,42.57634238945077,17.0,5.0,29.0,3.0,0.0,4.0,0.0,1.0,2.0,3.0,8.0,1.0,0.0,0.0,0.0,0.0
03b10Ab.wav,Unknown,253.5568390095239,29.563242532653156,7.0,3.0,26.0,4.0,0.0,6.0,0.0,2.0,3.0,1.0,11.0,0.0,2.0,1.0,0.0,0.0
03b10Ec.wav,Unknown,158.13741877425858,23.304353514441416,32.0,3.0,12.0,5.0,0.0,23.0,1.0,1.0,2.0,1.0,11.0,0.0,2.0,0.0,1.0,1.0
03b10Na.wav,Unknown,131.62132990546306,22.56477914774393,20.0,5.0,15.0,4.0,0.0,12.0,0.0,1.0,1.0,2.0,7.0,0.0,0.0,0.0,0.0,0.0
03b10Nc.wav,Unknown,136.20928496160062,36.46714164276612,28.0,2.0,9.0,1.0,0.0,13.0,1.0,1.0,1.0,1.0,7.0,0.0,0.0,0.0,0.0,0.0
03b10Wb.wav,Unknown,226.96013961403955,41.820633998071756,21.0,2.0,11.0,1.0,0.0,11.0,0.0,1.0,1.0,1.0,5.0,0.0,0.0,1.0,0.0,0.0
03b10Wc.wav,Unknown,245.74226371110154,58.57496025067754,22.0,2.0,22.0,1.0,0.0,10.0,0.0,1.0,1.0,2.0,10.0,2.0,1.0,0.0,0.0,0.0
08a01Ab.wav,Unknown,259.33959250863387,36.72465342759048,15.0,3.0,5.0,2.0,0.0,8.0,1.0,1.0,2.0,2.0,4.0,0.0,0.0,0.0,0.0,0.0
08a01Fd.wav,Unknown,233.59594926048374,39.85757137072529,22.0,2.0,3.0,1.0,1.0,8.0,0.0,1.0,1.0,2.0,1.0,0.0,0.0,1.0,0.0,0.0
08a01Lc.wav,Unknown,198.46624948746162,49.38796139379559,11.0,1.0,20.0,0.0,0.0,3.0,1.0,2.0,1.0,1.0,12.0,0.0,0.0,0.0,0.0,0.0
08a01Na.wav,Unknown,192.5765232078538,31.16349281829315,12.0,1.0,6.0,0.0,0.0,10.0,1.0,2.0,1.0,1.0,8.0,0.0,0.0,0.0,0.0,0.0
08a01Wa.wav,Unknown,307.63886329443113,44.72565544933946,11.0,2.0,9.0,1.0,0.0,4.0,1.0,2.0,1.0,2.0,6.0,1.0,0.0,0.0,0.0,0.0
08a01Wc.wav,Unknown,376.1609266722546,55.10766429778932,20.0,1.0,1.0,1.0,0.0,7.0,1.0,1.0,1.0,1.0,1.0,0.0,0.0,0.0,0.0,0.0
08a02Ab.wav,Unknown,288.3188833860388,51.820113400690246,11.0,3.0,14.0,2.0,0.0,4.0,1.0,2.0,0.0,1.0,6.0,1.0,1.0,0.0,0.0,0.0
08a02Ac.wav,Unknown,240.10853908638592,49.84750041097359,7.0,2.0,7.0,1.0,0.0,5.0,1.0,2.0,1.0,2.0,6.0,0.0,0.0,0.0,0.0,0.0
08a02Fe.wav,Unknown,226.77433623102303,31.919092681878997,11.0,2.0,4.0,1.0,0.0,10.0,0.0,1.0,2.0,2.0,6.0,0.0,0.0,0.0,0.0,0.0
08a02La.wav,Unknown,201.66186334844707,49.457723187592066,10.0,1.0,18.0,0.0,0.0,9.0,1.0,2.0,1.0,2.0,8.0,0.0,0.0,0.0,0.0,0.0
08a02Na.wav,Unknown,200.86481761074882,37.307938710263535,20.0,1.0,1.0,0.0,0.0,11.0,0.0,1.0,2.0,2.0,4.0,0.0,0.0,0.0,0.0,0.0
08a02Tb.wav,Unknown,138.1335074621084,42.026884551720265,50.0,0.0,0.0,0.0,1.0,12.0,0.0,0.0,0.0,1.0,1.0,0.0,0.0,1.0,0.0,0.0
08a02Wc.wav,Unknown,328.3895814603576,88.37308961537785,23.0,1.0,6.0,1.0,0.0,9.0,1.0,2.0,1.0,0.0,5.0,0.0,1.0,0.0,0.0,0.0
08a04Ff.wav,Unknown,211.17611337920943,41.117345453215535,21.0,1.0,7.0,1.0,0.0,8.0,2.0,2.0,1.0,0.0,5.0,0.0,0.0,0.0,0.0,1.0
08a04La.wav,Unknown,195.45080972342257,44.92047000493061,14.0,2.0,28.0,1.0,0.0,2.0,1.0,1.0,0.0,1.0,9.0,0.0,0.0,0.0,0.0,0.0
08a04Nc.wav,Unknown,183.27684541738037,34.45867655366423,17.0,1.0,16.0,2.0,0.0,10.0,0.0,1.0,2.0,1.0,5.0,0.0,2.0,0.0,0.0,0.0
08a04Tb.wav,Unknown,132.3993283684712,51.23809951077123,48.0,0.0,0.0,0.0,1.0,28.0,0.0,0.0,3.0,4.0,5.0,0.0,0.0,0.0,1.0,0.0
08a04Wc.wav,Unknown,324.07942583813855,90.2118466478453,15.0,2.0,3.0,1.0,0.0,6.0,0.0,1.0,1.0,1.0,3.0,0.0,0.0,0.0,0.0,0.0
08a05Fe.wav,Unknown,280.56650298342316,46.45228229301362,35.0,3.0,17.0,2.0,0.0,13.0,0.0,2.0,3.0,2.0,5.0,0.0,0.0,2.0,0.0,1.0
08a05Lc.wav,Unknown,226.73846878310505,49.536040987543096,26.0,5.0,26.0,3.0,0.0,23.0,2.0,3.0,1.0,2.0,19.0,0.0,0.0,1.0,0.0,0.0
08a05Nb.wav,Unknown,205.9606798976884,34.44353948537525,26.0,3.0,22.0,2.0,0.0,11.0,0.0,1.0,2.0,2.0,9.0,0.0,0.0,0.0,0.0,0.0
08a05Ta.wav,Unknown,149.3909988490672,13.52923125655218,20.0,5.0,18.0,1.0,0.0,11.0,0.0,2.0,2.0,4.0,9.0,2.0,0.0,1.0,0.0,0.0
08a05Wa.wav,Unknown,319.76933600726136,51.449931975107546,10.0,3.0,20.0,3.0,0.0,6.0,2.0,1.0,2.0,3.0,12.0,1.0,0.0,0.0,0.0,0.0
08a07Fd.wav,Unknown,279.8872086944803,77.65055893125411,13.0,1.0,12.0,0.0,0.0,11.0,1.0,1.0,1.0,1.0,10.0,0.0,0.0,0.0,0.0,0.0
08a07La.wav,Unknown,199.9437696587075,52.13972731980057,3.0,1.0,35.0,1.0,0.0,9.0,0.0,1.0,2.0,1.0,16.0,0.0,1.0,0.0,0.0,0.0
08a07Na.wav,Unknown,211.4631158419557,46.30688844068355,16.0,3.0,14.0,3.0,0.0,11.0,0.0,1.0,1.0,1.0,8.0,0.0,0.0,0.0,0.0,0.0
08a07Ta.wav,Unknown,131.4281033951856,48.92423081059225,28.0,0.0,0.0,0.0,2.0,17.0,0.0,0.0,2.0,2.0,7.0,0.0,0.0,1.0,0.0,0.0
08a07Tb.wav,Unknown,138.81542545884167,47.954641665626575,32.0,1.0,8.0,1.0,0.0,17.0,0.0,0.0,2.0,2.0,9.0,0.0,0.0,1.0,0.0,1.0
08a07Wc.wav,Unknown,335.0573541427544,96.29249966257937,16.0,2.0,3.0,3.0,0.0,11.0,1.0,1.0,3.0,2.0,5.0,0.0,1.0,0.0,0.0,0.0
08b01Aa.wav,Unknown,288.5445457371298,43.26049246243533,15.0,5.0,23.0,6.0,0.0,7.0,1.0,1.0,3.0,2.0,6.0,0.0,1.0,0.0,0.0,0.0
08b01Fd.wav,Unknown,231.3139895419507,43.79361231518773,19.0,1.0,24.0,2.0,1.0,12.0,0.0,0.0,2.0,2.0,8.0,0.0,0.0,0.0,0.0,0.0
08b01Fe.wav,Unknown,307.75173229357443,76.19293192019099,26.0,1.0,11.0,3.0,0.0,9.0,1.0,0.0,2.0,0.0,9.0,0.0,1.0,0.0,0.0,1.0
08b01Lb.wav,Unknown,197.79117392014396,48.176909756298585,27.0,3.0,24.0,3.0,1.0,18.0,2.0,1.0,0.0,1.0,8.0,0.0,0.0,0.0,0.0,0.0
08b01Na.wav,Unknown,219.68148180447747,42.61649787244103,20.0,2.0,12.0,3.0,1.0,16.0,0.0,0.0,2.0,2.0,10.0,0.0,0.0,0.0,0.0,0.0
08b01Wa.wav,Unknown,272.57312822766187,64.10766692283111,9.0,3.0,29.0,2.0,0.0,8.0,0.0,1.0,2.0,3.0,10.0,0.0,0.0,0.0,0.0,0.0
08b02Ff.wav,Unknown,315.08758664313757,97.69725097056522,20.0,1.0,9.0,1.0,0.0,14.0,0.0,2.0,2.0,2.0,7.0,0.0,2.0,0.0,1.0,0.0
08b02La.wav,Unknown,184.26826584158061,41.94495914709867,21.0,3.0,34.0,3.0,1.0,14.0,2.0,2.0,2.0,2.0,10.0,0.0,1.0,1.0,0.0,0.0
08b02Nb.wav,Unknown,210.56101654728053,50.09840998697732,25.0,2.0,31.0,2.0,0.0,12.0,0.0,2.0,2.0,1.0,7.0,0.0,1.0,1.0,0.0,0.0
08b02Tc.wav,Unknown,134.69457013962148,48.80199703125802,78.0,0.0,0.0,0.0,3.0,33.0,0.0,0.0,2.0,2.0,1.0,0.0,0.0,3.0,0.0,0.0
08b02Wd.wav,Unknown,302.6579344153734,56.07623561564037,20.0,3.0,18.0,4.0,0.0,9.0,4.0,4.0,3.0,2.0,8.0,0.0,1.0,1.0,0.0,0.0
08b03Fe.wav,Unknown,251.23468234433898,61.92174138768811,15.0,2.0,44.0,2.0,0.0,10.0,0.0,1.0,1.0,1.0,19.0,1.0,1.0,0.0,0.0,0.0
08b03Lc.wav,Unknown,185.73067193990065,42.72212146219996,1.0,2.0,65.0,0.0,0.0,15.0,1.0,3.0,0.0,1.0,36.0,0.0,0.0,1.0,0.0,0.0
08b03Nb.wav,Unknown,221.00479333495358,46.864160359133336,24.0,4.0,29.0,3.0,0.0,14.0,2.0,3.0,1.0,1.0,16.0,0.0,0.0,1.0,0.0,0.0
08b03Tc.wav,Unknown,145.45641631307754,39.70914789099962,70.0,7.0,25.0,5.0,1.0,15.0,0.0,1.0,2.0,2.0,5.0,0.0,0.0,2.0,0.0,0.0
08b03Wd.wav,Unknown,263.69019686991396,66.45768007082701,19.0,5.0,38.0,5.0,1.0,12.0,2.0,1.0,2.0,3.0,16.0,1.0,0.0,0.0,0.0,0.0
08b09Ab.wav,Unknown,295.2719572472282,48.363733969245374,27.0,4.0,6.0,3.0,1.0,15.0,0.0,1.0,1.0,2.0,11.0,0.0,0.0,1.0,0.0,0.0
08b09Fd.wav,Unknown,285.25047459599006,66.74060679352459,21.0,5.0,22.0,4.0,0.0,14.0,0.0,1.0,3.0,4.0,8.0,0.0,0.0,0.0,0.0,0.0
08b09Lc.wav,Unknown,174.0999044783671,37.77354149614864,26.0,5.0,40.0,4.0,0.0,15.0,1.0,2.0,2.0,3.0,12.0,0.0,0.0,0.0,0.0,0.0
08b09Nb.wav,Unknown,191.90382023675656,32.764785854331016,24.0,2.0,26.0,3.0,0.0,11.0,0.0,1.0,3.0,1.0,9.0,0.0,2.0,0.0,0.0,0.0
08b09Tb.wav,Unknown,134.26126403317278,50.194327190863106,74.0,1.0,0.0,1.0,1.0,39.0,0.0,0.0,2.0,2.0,9.0,0.0,0.0,2.0,0.0,1.0
08b09Wa.wav,Unknown,292.6879042009132,66.68048041015159,9.0,4.0,32.0,4.0,0.0,9.0,1.0,1.0,3.0,3.0,12.0,0.0,0.0,0.0,0.0,0.0
08b09Wc.wav,Unknown,245.48052102031605,42.49593596119853,19.0,3.0,18.0,3.0,0.0,5.0,0.0,1.0,1.0,1.0,10.0,0.0,0.0,0.0,0.0,0.0
08b10Aa.wav,Unknown,284.2638180732709,62.04638610528798,13.0,1.0,25.0,1.0,0.0,7.0,2.0,3.0,3.0,3.0,10.0,0.0,0.0,0.0,0.0,0.0
08b10Fd.wav,Unknown,255.74667425510447,79.09131543682358,14.0,2.0,27.0,1.0,0.0,12.0,0.0,1.0,1.0,2.0,10.0,0.0,0.0,0.0,0.0,0.0
08b10La.wav,Unknown,176.2652220436632,33.0100239433774,24.0,2.0,21.0,2.0,0.0,17.0,0.0,1.0,1.0,1.0,13.0,0.0,1.0,0.0,0.0,0.0
08b10Nc.wav,Unknown,193.24147728612786,45.164527070427546,30.0,2.0,7.0,1.0,0.0,17.0,0.0,1.0,1.0,1.0,5.0,0.0,0.0,0.0,0.0,0.0
08b10Tc.wav,Unknown,158.71317957901937,17.528676868242254,14.0,5.0,31.0,3.0,0.0,10.0,0.0,1.0,1.0,1.0,10.0,1.0,1.0,1.0,0.0,0.0
08b10Wa.wav,Unknown,277.3541531532846,85.43177415357454,20.0,2.0,23.0,2.0,0.0,14.0,0.0,1.0,3.0,3.0,9.0,0.0,0.0,0.0,0.0,0.0
09a01Ea.wav,Unknown,250.91383562124517,17.980907831817813,12.0,2.0,13.0,0.0,1.0,1.0,4.0,4.0,0.0,2.0,6.0,1.0,0.0,1.0,0.0,0.0
09a01Fa.wav,Unknown,349.499920775056,56.07651124566691,14.0,0.0,9.0,1.0,1.0,6.0,1.0,1.0,3.0,2.0,5.0,0.0,1.0,0.0,0.0,0.0
09a01Nb.wav,Unknown,157.6628048251111,25.44884545160649,7.0,1.0,11.0,0.0,0.0,2.0,2.0,2.0,0.0,1.0,3.0,0.0,0.0,0.0,0.0,0.0
09a01Wb.wav,Unknown,310.0723993615611,34.49427943092894,7.0,2.0,7.0,1.0,0.0,3.0,1.0,2.0,0.0,1.0,4.0,0.0,0.0,0.0,1.0,0.0
09a02Ea.wav,Unknown,327.3586838757411,47.65159643195368,8.0,1.0,6.0,2.0,0.0,2.0,2.0,3.0,1.0,0.0,5.0,0.0,2.0,1.0,1.0,0.0
09a02Eb.wav,Unknown,249.5418673582396,28.12767384696808,11.0,3.0,12.0,2.0,0.0,5.0,0.0,1.0,0.0,1.0,4.0,0.0,0.0,1.0,0.0,0.0
09a02La.wav,Unknown,187.21397667202618,61.0038433802408,7.0,1.0,29.0,0.0,0.0,0.0,0.0,0.0,0.0,1.0,5.0,0.0,0.0,0.0,0.0,0.0
09a02Wb.wav,Unknown,258.37969217684866,52.40489551172492,11.0,2.0,14.0,0.0,0.0,4.0,0.0,1.0,0.0,1.0,7.0,1.0,0.0,0.0,0.0,0.0
09a04Fd.wav,Unknown,324.4357774621462,61.10097257002965,9.0,3.0,4.0,3.0,0.0,5.0,0.0,1.0,2.0,1.0,3.0,0.0,1.0,0.0,0.0,0.0
09a04La.wav,Unknown,183.21721455106248,63.677876802442995,6.0,1.0,29.0,0.0,0.0,0.0,0.0,0.0,0.0,1.0,7.0,0.0,0.0,0.0,0.0,0.0
09a04Nb.wav,Unknown,168.26387152846488,20.648767143860077,2.0,1.0,12.0,1.0,0.0,6.0,2.0,3.0,3.0,3.0,12.0,0.0,0.0,0.0,0.0,0.0
09a04Wa.wav,Unknown,271.89853004478056,31.128889241661465,2.0,2.0,16.0,1.0,0.0,0.0,0.0,1.0,0.0,1.0,1.0,0.0,0.0,1.0,0.0,0.0
09a05Ed.wav,Unknown,242.22118630702246,41.42584560845597,20.0,4.0,29.0,5.0,1.0,5.0,4.0,3.0,3.0,2.0,11.0,0.0,0.0,0.0,0.0,0.0
09a05Lc.wav,Unknown,172.41864729582343,33.32504970422788,26.0,3.0,24.0,2.0,0.0,14.0,2.0,2.0,0.0,1.0,5.0,0.0,0.0,0.0,0.0,0.0
09a05Nb.wav,Unknown,175.94926152669646,24.280494184050188,13.0,4.0,29.0,2.0,0.0,6.0,1.0,4.0,1.0,2.0,15.0,0.0,0.0,1.0,1.0,0.0
09a05Tb.wav,Unknown,147.95598249406106,12.579012245432047,15.0,6.0,33.0,5.0,1.0,3.0,1.0,1.0,2.0,3.0,3.0,2.0,1.0,1.0,1.0,1.0
09a05Wb.wav,Unknown,328.1067475449181,45.91736920640444,18.0,2.0,11.0,4.0,1.0,12.0,3.0,2.0,3.0,3.0,6.0,0.0,1.0,0.0,0.0,0.0
09a05Wc.wav,Unknown,357.43399905760185,49.81390502815898,16.0,3.0,16.0,3.0,0.0,11.0,2.0,2.0,3.0,1.0,12.0,0.0,0.0,2.0,0.0,1.0
09a07Eb.wav,Unknown,238.66254157069235,26.700603255172098,19.0,3.0,9.0,3.0,0.0,7.0,3.0,4.0,3.0,2.0,6.0,1.0,1.0,2.0,0.0,1.0
09a07Na.wav,Unknown,174.7949231220542,30.62262950926931,7.0,2.0,22.0,2.0,0.0,5.0,1.0,2.0,1.0,1.0,7.0,0.0,0.0,0.0,0.0,0.0
09a07Ta.wav,Unknown,173.15867085062104,17.86388774815464,20.0,2.0,8.0,1.0,0.0,8.0,1.0,1.0,2.0,2.0,5.0,0.0,0.0,0.0,0.0,0.0
09a07Wb.wav,Unknown,366.5567046362783,39.04592091736005,10.0,1.0,1.0,1.0,0.0,5.0,1.0,0.0,1.0,1.0,0.0,1.0,1.0,0.0,0.0,0.0
09a07Wd.wav,Unknown,245.99756184851623,43.87599637181733,24.0,2.0,20.0,0.0,0.0,5.0,2.0,3.0,1.0,2.0,5.0,1.0,0.0,1.0,0.0,0.0
09b01Ea.wav,Unknown,292.5858983164826,34.96017932687471,14.0,4.0,25.0,4.0,0.0,5.0,2.0,4.0,1.0,0.0,8.0,0.0,1.0,1.0,0.0,0.0
09b01Na.wav,Unknown,183.00370132059518,24.04993824909087,10.0,6.0,25.0,4.0,0.0,9.0,0.0,1.0,2.0,3.0,11.0,1.0,0.0,0.0,0.0,0.0
09b01Wb.wav,Unknown,293.14695844522834,61.318142613413684,13.0,2.0,27.0,2.0,0.0,4.0,1.0,1.0,2.0,2.0,9.0,0.0,0.0,0.0,0.0,0.0
09b02Na.wav,Unknown,167.22822748557837,24.935315791559372,16.0,3.0,32.0,1.0,0.0,6.0,1.0,2.0,0.0,1.0,12.0,1.0,0.0,0.0,0.0,0.0
09b02Tb.wav,Unknown,163.85901942382597,10.220456341887145,12.0,4.0,42.0,4.0,0.0,9.0,2.0,2.0,3.0,3.0,19.0,0.0,1.0,0.0,0.0,0.0
09b02Wc.wav,Unknown,202.66705357102893,26.992952880511893,15.0,3.0,11.0,2.0,0.0,12.0,3.0,3.0,3.0,4.0,10.0,1.0,0.0,0.0,0.0,0.0
09b02Wd.wav,Unknown,260.11141456813095,50.80181398504485,13.0,1.0,33.0,2.0,0.0,8.0,2.0,2.0,1.0,1.0,11.0,0.0,0.0,0.0,0.0,0.0
09b03Ed.wav,Unknown,242.6859106231479,27.81599559238428,35.0,9.0,35.0,8.0,0.0,14.0,3.0,4.0,2.0,3.0,13.0,1.0,1.0,0.0,1.0,0.0
09b03Fa.wav,Unknown,353.44030225490616,45.193767679219185,28.0,4.0,6.0,4.0,1.0,16.0,0.0,0.0,1.0,1.0,9.0,0.0,0.0,2.0,0.0,0.0
09b03Fd.wav,Unknown,313.3858990908011,46.83433381629115,9.0,2.0,45.0,4.0,0.0,5.0,4.0,3.0,3.0,1.0,19.0,0.0,2.0,0.0,0.0,0.0
09b03Lb.wav,Unknown,165.6220485293989,21.611264628314217,27.0,3.0,37.0,2.0,0.0,14.0,4.0,5.0,2.0,2.0,17.0,0.0,0.0,1.0,0.0,0.0
09b03Nb.wav,Unknown,172.8264573283779,16.80081421078114,27.0,2.0,27.0,1.0,0.0,18.0,3.0,5.0,4.0,5.0,10.0,1.0,1.0,0.0,1.0,0.0
09b03Ta.wav,Unknown,152.77418728015485,13.445827141811185,26.0,2.0,34.0,2.0,1.0,4.0,4.0,4.0,3.0,3.0,9.0,0.0,1.0,1.0,0.0,0.0
09b03Wb.wav,Unknown,287.97883185686226,37.9678063081864,18.0,4.0,42.0,3.0,0.0,12.0,0.0,2.0,2.0,3.0,15.0,1.0,1.0,0.0,1.0,0.0
09b09Ea.wav,Unknown,227.78601117690616,31.98514383000248,12.0,4.0,27.0,3.0,2.0,8.0,2.0,2.0,0.0,2.0,13.0,1.0,0.0,0.0,1.0,0.0
09b09Nd.wav,Unknown,163.94471915335575,12.537008690453218,8.0,2.0,13.0,2.0,0.0,1.0,2.0,2.0,1.0,1.0,6.0,0.0,1.0,0.0,0.0,0.0
09b09Wa.wav,Unknown,249.8759782334036,29.48945776412721,15.0,3.0,30.0,5.0,1.0,4.0,1.0,1.0,3.0,2.0,11.0,0.0,1.0,0.0,0.0,0.0
09b10Aa.wav,Unknown,280.25754401839504,34.906326320826345,8.0,2.0,15.0,2.0,0.0,7.0,1.0,1.0,2.0,2.0,9.0,0.0,0.0,0.0,0.0,0.0
09b10Nd.wav,Unknown,167.32136835046492,15.105947582523124,18.0,3.0,10.0,3.0,0.0,16.0,1.0,2.0,2.0,2.0,8.0,0.0,1.0,0.0,0.0,0.0
09b10Wa.wav,Unknown,311.5188370887415,67.96858221268964,13.0,3.0,21.0,3.0,0.0,9.0,1.0,1.0,2.0,2.0,11.0,0.0,0.0,0.0,0.0,0.0
10a01Ac.wav,Unknown,60.0,0.0,0.0,0.0,0.0,0.0,0.0,0.0,0.0,0.0,0.0,0.0,3.0,0.0,0.0,0.0,0.0,0.0
10a01Nb.wav,Unknown,98.66582282415467,16.310270508230158,6.0,3.0,15.0,2.0,0.0,1.0,0.0,1.0,1.0,1.0,6.0,0.0,0.0,0.0,0.0,0.0
10a01Wa.wav,Unknown,197.38166851107104,37.60730378759559,11.0,1.0,1.0,2.0,0.0,8.0,2.0,1.0,1.0,1.0,5.0,0.0,0.0,0.0,0.0,0.0
10a02Ab.wav,Unknown,192.23692207929543,24.422310945163385,11.0,1.0,4.0,1.0,0.0,3.0,0.0,0.0,1.0,1.0,0.0,0.0,0.0,1.0,1.0,1.0
10a02Fa.wav,Unknown,252.3295792991849,32.052701482181945,9.0,1.0,3.0,2.0,0.0,6.0,1.0,0.0,1.0,1.0,3.0,0.0,0.0,0.0,0.0,0.0
10a02Lb.wav,Unknown,106.77819382282253,25.956166350039602,3.0,2.0,17.0,2.0,0.0,6.0,1.0,2.0,0.0,0.0,11.0,0.0,1.0,0.0,0.0,0.0
10a02Na.wav,Unknown,116.51255296696645,25.963255869081436,10.0,1.0,4.0,1.0,0.0,9.0,1.0,2.0,2.0,2.0,5.0,0.0,0.0,0.0,0.0,0.0
10a02Wa.wav,Unknown,178.5134602865897,54.59990321675076,4.0,1.0,2.0,0.0,0.0,1.0,1.0,2.0,0.0,1.0,0.0,0.0,0.0,0.0,0.0,0.0
10a04Fd.wav,Unknown,221.77767979945764,17.427273918372947,9.0,1.0,4.0,4.0,0.0,7.0,2.0,1.0,3.0,0.0,6.0,0.0,1.0,0.0,0.0,1.0
10a04Nb.wav,Unknown,98.76579927216265,16.77411762626516,21.0,2.0,20.0,2.0,0.0,5.0,1.0,2.0,1.0,1.0,4.0,0.0,0.0,0.0,0.0,0.0
10a04Wa.wav,Unknown,182.13916005760427,14.375583673980397,0.0,0.0,6.0,0.0,0.0,0.0,0.0,2.0,1.0,1.0,3.0,0.0,2.0,0.0,1.0,0.0
10a04Wb.wav,Unknown,284.7588979066837,52.586752252624066,3.0,2.0,4.0,1.0,0.0,6.0,2.0,2.0,0.0,1.0,6.0,0.0,0.0,0.0,0.0,0.0
10a05Aa.wav,Unknown,205.54327912640176,22.06689123374695,15.0,4.0,25.0,2.0,0.0,6.0,0.0,3.0,3.0,2.0,5.0,0.0,1.0,3.0,0.0,0.0
10a05Ld.wav,Unknown,112.22422874518152,17.568451045825327,12.0,3.0,36.0,2.0,0.0,11.0,2.0,3.0,0.0,1.0,17.0,0.0,0.0,0.0,0.0,0.0
10a05Tb.wav,Unknown,91.1168916252924,6.20176900756296,30.0,7.0,15.0,6.0,1.0,5.0,2.0,3.0,1.0,3.0,2.0,1.0,1.0,1.0,1.0,0.0
10a05Wb.wav,Unknown,227.51893592403303,44.613036388151095,3.0,1.0,17.0,2.0,0.0,6.0,2.0,1.0,3.0,2.0,12.0,0.0,0.0,0.0,0.0,0.0
10a07Aa.wav,Unknown,181.20603119227863,16.032895317488602,11.0,1.0,12.0,0.0,0.0,2.0,1.0,2.0,1.0,2.0,4.0,0.0,0.0,0.0,0.0,0.0
10a07Ad.wav,Unknown,149.49583918117034,8.68802684510378,1.0,1.0,15.0,0.0,0.0,2.0,3.0,4.0,2.0,2.0,10.0,1.0,2.0,0.0,1.0,0.0
10a07La.wav,Unknown,107.00978791063739,33.28554804219375,1.0,2.0,39.0,1.0,0.0,0.0,0.0,0.0,0.0,1.0,10.0,0.0,0.0,0.0,0.0,0.0
10a07Ta.wav,Unknown,93.58943986052188,14.131665820475096,12.0,2.0,19.0,1.0,0.0,4.0,1.0,2.0,3.0,3.0,5.0,0.0,0.0,0.0,0.0,0.0
10b01Aa.wav,Unknown,220.39215106782575,26.871855691437382,12.0,3.0,24.0,3.0,0.0,1.0,0.0,1.0,1.0,1.0,7.0,0.0,0.0,0.0,0.0,0.0
10b01Ea.wav,Unknown,144.18036498582518,22.76801356819137,12.0,4.0,23.0,5.0,1.0,2.0,4.0,4.0,1.0,1.0,8.0,0.0,0.0,0.0,0.0,0.0
10b01Fa.wav,Unknown,190.69531194548986,57.29558743007084,22.0,1.0,8.0,0.0,0.0,15.0,0.0,1.0,0.0,0.0,7.0,1.0,1.0,0.0,0.0,0.0
10b01Lb.wav,Unknown,106.4980659163101,22.476472984027975,13.0,2.0,25.0,1.0,0.0,6.0,2.0,3.0,1.0,1.0,10.0,0.0,0.0,0.0,0.0,0.0
10b02Aa.wav,Unknown,175.61975984264006,19.97686454375432,20.0,3.0,15.0,4.0,1.0,11.0,1.0,0.0,2.0,2.0,8.0,0.0,0.0,0.0,0.0,0.0
10b02La.wav,Unknown,98.56940423510237,16.877457307349122,20.0,2.0,28.0,1.0,0.0,4.0,1.0,2.0,1.0,2.0,12.0,0.0,0.0,0.0,1.0,0.0
10b02Na.wav,Unknown,109.07037289578523,14.708626867341382,27.0,5.0,21.0,5.0,0.0,9.0,0.0,1.0,1.0,1.0,8.0,0.0,0.0,0.0,0.0,0.0
10b02Wb.wav,Unknown,202.81274151419805,54.222811985186716,16.0,1.0,32.0,1.0,0.0,2.0,2.0,2.0,1.0,1.0,9.0,1.0,0.0,0.0,0.0,0.0
10b03La.wav,Unknown,113.038171153747,19.82569058619936,22.0,2.0,42.0,1.0,0.0,14.0,0.0,1.0,0.0,1.0,19.0,0.0,0.0,0.0,0.0,0.0
10b03Tb.wav,Unknown,89.31126532886161,8.59331699276244,55.0,9.0,17.0,8.0,2.0,6.0,1.0,1.0,1.0,2.0,3.0,1.0,0.0,1.0,0.0,0.0
10b03Wb.wav,Unknown,209.1094357934822,64.61651357298788,21.0,2.0,33.0,2.0,0.0,9.0,2.0,1.0,1.0,1.0,12.0,0.0,0.0,0.0,0.0,0.0
10b09Ad.wav,Unknown,123.62966815119714,14.449163986761246,9.0,3.0,27.0,1.0,0.0,2.0,1.0,2.0,0.0,2.0,8.0,2.0,1.0,0.0,0.0,0.0
10b09Lb.wav,Unknown,101.07177011019536,20.3122405405261,20.0,3.0,29.0,2.0,0.0,11.0,1.0,2.0,1.0,2.0,17.0,0.0,0.0,0.0,1.0,0.0
10b09Wb.wav,Unknown,234.1665771511521,92.35651366310815,11.0,2.0,16.0,2.0,0.0,6.0,1.0,1.0,1.0,1.0,6.0,0.0,0.0,0.0,0.0,0.0
10b10Fc.wav,Unknown,206.5713093310141,57.96902220073487,19.0,2.0,18.0,2.0,0.0,8.0,0.0,1.0,1.0,1.0,6.0,0.0,0.0,0.0,0.0,0.0
10b10Lc.wav,Unknown,92.56916322055814,11.10784465477636,10.0,2.0,18.0,1.0,0.0,9.0,1.0,1.0,1.0,2.0,9.0,0.0,0.0,0.0,0.0,0.0
10b10Wa.wav,Unknown,197.87228817335904,59.10777209628642,28.0,2.0,17.0,2.0,0.0,9.0,2.0,3.0,1.0,1.0,9.0,0.0,0.0,0.0,0.0,0.0
11a01Aa.wav,Unknown,130.90185751354818,7.871531255937994,0.0,2.0,7.0,0.0,0.0,0.0,0.0,1.0,0.0,0.0,3.0,1.0,0.0,1.0,0.0,0.0
11a01Ab.wav,Unknown,130.3871755205367,15.199185096666952,14.0,0.0,9.0,1.0,0.0,2.0,0.0,1.0,2.0,1.0,3.0,0.0,2.0,0.0,0.0,0.0
11a01Ld.wav,Unknown,114.44275701889606,22.797401072563037,11.0,2.0,5.0,0.0,0.0,9.0,2.0,3.0,0.0,1.0,10.0,1.0,0.0,1.0,0.0,0.0
11a01Nd.wav,Unknown,109.36471310627007,8.221409674689179,5.0,3.0,10.0,2.0,0.0,0.0,2.0,3.0,1.0,2.0,5.0,0.0,0.0,0.0,0.0,0.0
11a01Wc.wav,Unknown,269.55928207773184,20.2476886437099,9.0,1.0,0.0,0.0,1.0,5.0,0.0,1.0,0.0,1.0,0.0,0.0,0.0,1.0,1.0,0.0
11a02Ec.wav,Unknown,157.42599273751065,24.46514681330043,12.0,4.0,15.0,3.0,0.0,7.0,0.0,1.0,0.0,1.0,7.0,1.0,1.0,0.0,0.0,0.0
11a02Fb.wav,Unknown,227.181735179878,68.29254640274009,21.0,2.0,8.0,1.0,0.0,8.0,0.0,1.0,3.0,3.0,4.0,0.0,0.0,0.0,0.0,0.0
11a02Ld.wav,Unknown,112.98867651253993,21.218250069126565,10.0,1.0,16.0,0.0,0.0,3.0,0.0,1.0,0.0,1.0,6.0,0.0,0.0,0.0,0.0,0.0
11a02Nc.wav,Unknown,111.00037063369254,14.177067695206443,14.0,1.0,11.0,1.0,0.0,7.0,0.0,1.0,1.0,1.0,2.0,1.0,1.0,0.0,0.0,0.0
11a02Tc.wav,Unknown,103.58195250203885,6.923889689459253,17.0,2.0,4.0,1.0,0.0,9.0,0.0,1.0,2.0,3.0,6.0,0.0,0.0,0.0,0.0,0.0
11a02Wc.wav,Unknown,268.5983801235902,76.60939315848682,12.0,4.0,7.0,1.0,0.0,7.0,2.0,3.0,1.0,3.0,9.0,2.0,0.0,0.0,0.0,0.0
11a04Ac.wav,Unknown,162.8855630746759,24.791743025032876,26.0,1.0,1.0,1.0,1.0,6.0,0.0,0.0,2.0,2.0,1.0,0.0,0.0,0.0,0.0,0.0
11a04Fd.wav,Unknown,153.13709051461947,43.19250764271394,15.0,1.0,5.0,0.0,0.0,9.0,0.0,1.0,1.0,1.0,4.0,0.0,0.0,0.0,0.0,0.0
11a04Nd.wav,Unknown,109.17049443068268,12.192925767302317,18.0,3.0,15.0,2.0,0.0,6.0,0.0,2.0,0.0,0.0,3.0,0.0,1.0,1.0,1.0,0.0
11a04Wc.wav,Unknown,238.20480399577556,68.80929812870716,19.0,2.0,10.0,0.0,0.0,9.0,0.0,2.0,1.0,2.0,8.0,0.0,0.0,1.0,0.0,0.0
11a05Ad.wav,Unknown,174.44612356974636,23.582912218774315,23.0,3.0,21.0,1.0,0.0,7.0,2.0,4.0,2.0,1.0,8.0,1.0,1.0,2.0,0.0,1.0
11a05Fb.wav,Unknown,219.23032895557526,37.882764774838634,9.0,2.0,27.0,3.0,0.0,8.0,2.0,3.0,2.0,0.0,9.0,2.0,3.0,1.0,0.0,0.0
11a05Fc.wav,Unknown,249.33737360101222,40.43979052368322,29.0,6.0,19.0,5.0,1.0,11.0,2.0,3.0,3.0,2.0,9.0,0.0,0.0,2.0,0.0,0.0
11a05Lc.wav,Unknown,109.67185886816966,14.068113316378616,21.0,3.0,42.0,1.0,0.0,9.0,1.0,4.0,0.0,2.0,11.0,1.0,1.0,0.0,2.0,0.0
11a05Na.wav,Unknown,110.7358784321139,10.171266821986693,17.0,4.0,24.0,3.0,0.0,11.0,1.0,3.0,3.0,4.0,9.0,1.0,1.0,0.0,1.0,0.0
11a05Td.wav,Unknown,90.08388251095633,22.646979942031756,48.0,4.0,12.0,2.0,1.0,35.0,0.0,1.0,2.0,3.0,9.0,0.0,0.0,2.0,0.0,0.0
11a05Wd.wav,Unknown,171.40773561490178,23.717146281987166,8.0,4.0,13.0,4.0,1.0,5.0,1.0,2.0,2.0,2.0,5.0,0.0,0.0,1.0,0.0,0.0
11a07Ac.wav,Unknown,197.49749198384987,28.889802555289798,17.0,3.0,10.0,1.0,0.0,3.0,1.0,3.0,1.0,3.0,7.0,2.0,1.0,0.0,1.0,0.0
11a07Ld.wav,Unknown,137.473040685724,21.903807514859185,9.0,3.0,24.0,3.0,0.0,0.0,2.0,2.0,1.0,1.0,5.0,0.0,0.0,0.0,0.0,0.0
11a07Ta.wav,Unknown,103.73792533218247,4.606652914386323,7.0,4.0,24.0,4.0,0.0,6.0,1.0,2.0,0.0,1.0,8.0,1.0,1.0,0.0,1.0,0.0
11a07Wc.wav,Unknown,258.15138076815936,64.16467969880013,37.0,4.0,6.0,3.0,1.0,7.0,0.0,1.0,1.0,1.0,0.0,0.0,0.0,1.0,0.0,0.0
11b01Ab.wav,Unknown,152.85778617137976,26.434610397203198,8.0,5.0,30.0,3.0,0.0,4.0,0.0,1.0,0.0,1.0,7.0,2.0,1.0,0.0,0.0,0.0
11b01Eb.wav,Unknown,151.86954055213687,29.325698749961344,15.0,4.0,28.0,2.0,0.0,8.0,0.0,2.0,0.0,2.0,11.0,1.0,0.0,0.0,1.0,0.0
11b01Fc.wav,Unknown,213.29189508858838,69.07810476440099,6.0,1.0,21.0,0.0,0.0,5.0,0.0,1.0,1.0,1.0,10.0,1.0,1.0,0.0,0.0,0.0
11b01Lb.wav,Unknown,123.51081023676939,24.49168004367243,20.0,4.0,21.0,2.0,0.0,11.0,2.0,3.0,0.0,2.0,15.0,1.0,0.0,0.0,0.0,0.0
11b01Nc.wav,Unknown,123.68531255713008,16.730655782501977,18.0,3.0,18.0,2.0,0.0,8.0,0.0,1.0,0.0,1.0,11.0,1.0,0.0,0.0,1.0,1.0
11b01Wd.wav,Unknown,227.22464713500662,49.775380750153,21.0,7.0,23.0,6.0,1.0,6.0,0.0,0.0,1.0,2.0,8.0,1.0,0.0,0.0,0.0,0.0
11b02Ab.wav,Unknown,155.9523958967356,23.899301161456272,20.0,2.0,26.0,2.0,0.0,6.0,1.0,2.0,4.0,4.0,3.0,0.0,0.0,0.0,0.0,0.0
11b02Fd.wav,Unknown,180.7647390907029,53.054206574263254,11.0,2.0,17.0,2.0,0.0,12.0,1.0,1.0,0.0,1.0,11.0,0.0,0.0,0.0,0.0,0.0
11b02Na.wav,Unknown,109.27953594973145,11.997556784941555,18.0,2.0,26.0,1.0,1.0,6.0,0.0,1.0,2.0,3.0,13.0,0.0,0.0,1.0,0.0,0.0
11b02Td.wav,Unknown,101.4612848611403,5.973507030840289,20.0,4.0,18.0,4.0,1.0,10.0,1.0,3.0,3.0,3.0,14.0,0.0,1.0,1.0,1.0,0.0
11b02Wb.wav,Unknown,212.8797463113737,30.340077172818056,21.0,2.0,16.0,1.0,0.0,6.0,2.0,3.0,2.0,3.0,2.0,0.0,0.0,1.0,0.0,0.0
11b03Fc.wav,Unknown,174.79923071436653,47.7252070071614,33.0,4.0,24.0,2.0,0.0,15.0,0.0,2.0,3.0,3.0,14.0,0.0,0.0,1.0,0.0,0.0
11b03Lc.wav,Unknown,108.66714656950174,13.632855201909686,28.0,5.0,35.0,3.0,0.0,15.0,5.0,6.0,3.0,3.0,20.0,0.0,0.0,1.0,0.0,0.0
11b03Nb.wav,Unknown,105.39606240193234,12.21079228991779,46.0,4.0,9.0,5.0,1.0,17.0,2.0,2.0,5.0,5.0,6.0,0.0,0.0,0.0,0.0,0.0
11b03Td.wav,Unknown,103.76530688643449,15.622559743495087,56.0,7.0,34.0,6.0,2.0,11.0,0.0,0.0,4.0,4.0,8.0,0.0,0.0,2.0,0.0,0.0
11b03Wa.wav,Unknown,162.2199797484464,24.931632380961066,40.0,8.0,22.0,6.0,0.0,14.0,1.0,3.0,1.0,2.0,11.0,1.0,1.0,0.0,1.0,0.0
11b03Wb.wav,Unknown,231.3655248801936,55.21036452402865,43.0,6.0,25.0,5.0,0.0,16.0,0.0,2.0,2.0,2.0,11.0,1.0,1.0,1.0,0.0,0.0
11b09Ad.wav,Unknown,147.9641020084708,23.531960090519714,34.0,5.0,9.0,2.0,0.0,11.0,0.0,2.0,0.0,2.0,7.0,1.0,0.0,0.0,1.0,0.0
11b09Fd.wav,Unknown,149.60791559242386,31.49604775710581,24.0,5.0,21.0,4.0,0.0,11.0,0.0,1.0,3.0,3.0,11.0,0.0,0.0,0.0,0.0,0.0
11b09Ld.wav,Unknown,108.5884431617917,18.45643106049734,26.0,6.0,29.0,4.0,0.0,14.0,0.0,2.0,1.0,2.0,13.0,1.0,1.0,1.0,0.0,0.0
11b09Na.wav,Unknown,113.72754760703471,16.830969197899176,22.0,3.0,14.0,1.0,0.0,13.0,2.0,3.0,2.0,2.0,10.0,0.0,0.0,1.0,0.0,0.0
11b09Td.wav,Unknown,103.22973131016299,16.358844833418942,55.0,5.0,20.0,1.0,0.0,7.0,0.0,2.0,2.0,5.0,2.0,2.0,0.0,1.0,0.0,0.0
11b09Wa.wav,Unknown,205.76267296928916,59.63685405168837,19.0,3.0,26.0,2.0,0.0,16.0,0.0,1.0,3.0,4.0,16.0,1.0,1.0,0.0,0.0,0.0
11b10Ad.wav,Unknown,122.68400247424715,20.416881289801804,19.0,4.0,14.0,2.0,0.0,10.0,0.0,2.0,1.0,2.0,4.0,0.0,0.0,0.0,1.0,0.0
11b10Ae.wav,Unknown,137.34476197009425,27.75295291690606,14.0,5.0,15.0,3.0,0.0,14.0,0.0,2.0,2.0,4.0,9.0,0.0,0.0,0.0,1.0,0.0
11b10Ld.wav,Unknown,102.08068373432664,12.758444887260127,29.0,3.0,14.0,1.0,0.0,18.0,0.0,1.0,0.0,2.0,10.0,1.0,0.0,0.0,0.0,0.0
11b10Nc.wav,Unknown,115.15077193708979,14.946167530113001,28.0,1.0,4.0,0.0,0.0,15.0,1.0,1.0,3.0,3.0,7.0,0.0,0.0,0.0,0.0,0.0
11b10Td.wav,Unknown,104.3899641884437,6.824545685044185,17.0,5.0,23.0,3.0,1.0,8.0,1.0,3.0,4.0,7.0,6.0,0.0,0.0,0.0,2.0,0.0
11b10Wa.wav,Unknown,203.28618783607658,47.003743941771056,40.0,2.0,10.0,1.0,0.0,12.0,0.0,1.0,3.0,3.0,6.0,0.0,0.0,0.0,0.0,0.0
12a01Fb.wav,Unknown,154.78787067569596,24.706557480482108,4.0,1.0,12.0,1.0,1.0,0.0,1.0,0.0,0.0,1.0,4.0,1.0,0.0,0.0,0.0,0.0
12a01Lb.wav,Unknown,134.07546998970338,26.686820784067695,8.0,1.0,8.0,0.0,0.0,9.0,0.0,1.0,1.0,2.0,6.0,0.0,0.0,0.0,0.0,0.0
12a01Nb.wav,Unknown,124.35657900551341,33.33323190712647,18.0,1.0,13.0,1.0,0.0,10.0,0.0,1.0,1.0,1.0,6.0,0.0,1.0,0.0,0.0,0.0
12a01Wc.wav,Unknown,192.81379488443983,23.318864680292563,6.0,1.0,10.0,1.0,0.0,4.0,1.0,2.0,1.0,0.0,8.0,0.0,1.0,1.0,0.0,0.0
12a02Ac.wav,Unknown,173.34686036022865,36.239432096153585,9.0,3.0,11.0,2.0,0.0,4.0,0.0,1.0,0.0,1.0,4.0,1.0,0.0,0.0,0.0,0.0
12a02Ec.wav,Unknown,107.62038343026352,8.653483225243171,3.0,1.0,11.0,1.0,0.0,0.0,1.0,0.0,1.0,1.0,3.0,0.0,0.0,0.0,0.0,0.0
12a02Nb.wav,Unknown,129.04868221027883,23.08296371825099,18.0,2.0,9.0,2.0,0.0,7.0,0.0,1.0,1.0,1.0,4.0,0.0,0.0,0.0,0.0,0.0
12a02Wa.wav,Unknown,237.8592242211394,50.21280325037103,9.0,2.0,4.0,3.0,0.0,8.0,1.0,0.0,1.0,1.0,4.0,0.0,0.0,0.0,0.0,0.0
12a02Wc.wav,Unknown,201.78605451337225,21.109803064999728,15.0,1.0,3.0,2.0,0.0,4.0,1.0,0.0,1.0,1.0,0.0,0.0,0.0,0.0,0.0,0.0
12a04Wc.wav,Unknown,230.26028816209217,40.87089827498262,18.0,3.0,9.0,2.0,0.0,4.0,0.0,1.0,1.0,1.0,1.0,0.0,0.0,0.0,0.0,0.0
12a05Ab.wav,Unknown,165.61019815465923,21.225242717834536,21.0,2.0,11.0,3.0,1.0,11.0,3.0,2.0,2.0,1.0,9.0,1.0,1.0,0.0,0.0,0.0
12a05Lb.wav,Unknown,146.6908654946322,23.153099669177973,33.0,3.0,27.0,2.0,0.0,14.0,0.0,2.0,1.0,1.0,17.0,0.0,0.0,1.0,0.0,0.0
12a05Nd.wav,Unknown,144.82337892958319,13.218271361710253,15.0,3.0,30.0,2.0,0.0,9.0,3.0,3.0,1.0,2.0,12.0,1.0,0.0,0.0,0.0,0.0
12a05Ta.wav,Unknown,112.10967406519495,12.175615923601974,17.0,10.0,45.0,7.0,0.0,0.0,2.0,5.0,1.0,2.0,9.0,2.0,1.0,3.0,0.0,0.0
12a05Wb.wav,Unknown,261.6332733489747,52.4311771656194,10.0,4.0,31.0,4.0,1.0,3.0,2.0,2.0,2.0,1.0,4.0,0.0,0.0,1.0,0.0,0.0
12a07Ac.wav,Unknown,152.65432774967567,15.391015047992374,9.0,5.0,5.0,2.0,0.0,7.0,2.0,3.0,2.0,4.0,3.0,2.0,0.0,1.0,0.0,0.0
12a07La.wav,Unknown,159.5663860764414,33.73233691173844,17.0,2.0,18.0,1.0,0.0,13.0,1.0,2.0,1.0,2.0,9.0,0.0,0.0,0.0,0.0,0.0
12a07Wa.wav,Unknown,178.5112398239813,25.35077972937312,16.0,3.0,13.0,3.0,0.0,9.0,1.0,1.0,1.0,1.0,7.0,0.0,0.0,0.0,0.0,0.0
12b01Ta.wav,Unknown,109.89285624238762,11.141371031725743,14.0,0.0,28.0,1.0,0.0,1.0,2.0,3.0,3.0,1.0,7.0,0.0,2.0,1.0,0.0,0.0
12b01Wa.wav,Unknown,211.03208471452663,27.454138682576684,7.0,1.0,19.0,1.0,0.0,3.0,2.0,3.0,2.0,1.0,6.0,0.0,1.0,1.0,0.0,0.0
12b02Ad.wav,Unknown,144.17601521325594,20.9672250693972,17.0,2.0,19.0,1.0,1.0,6.0,2.0,1.0,1.0,1.0,7.0,2.0,0.0,1.0,0.0,1.0
12b02Ea.wav,Unknown,205.86388551346215,32.75057065643018,9.0,2.0,14.0,3.0,0.0,3.0,1.0,2.0,2.0,0.0,2.0,0.0,1.0,1.0,0.0,0.0
12b02Fb.wav,Unknown,150.05615528143423,21.873610769164692,16.0,2.0,22.0,1.0,0.0,4.0,0.0,2.0,0.0,0.0,4.0,0.0,1.0,1.0,0.0,0.0
12b02Na.wav,Unknown,155.41815256614137,22.64555095800557,18.0,2.0,20.0,4.0,1.0,12.0,4.0,2.0,1.0,0.0,14.0,0.0,1.0,0.0,0.0,0.0
12b02Wa.wav,Unknown,181.2456128928812,42.619604730846,11.0,2.0,6.0,2.0,0.0,10.0,1.0,1.0,2.0,2.0,7.0,0.0,0.0,1.0,0.0,0.0
12b02Wb.wav,Unknown,318.82379453534276,12.235640379894194,5.0,2.0,5.0,2.0,0.0,1.0,2.0,1.0,1.0,1.0,4.0,1.0,0.0,0.0,0.0,1.0
12b02Wd.wav,Unknown,198.00401716837644,66.76301977446258,18.0,2.0,14.0,2.0,0.0,7.0,2.0,2.0,1.0,0.0,9.0,0.0,0.0,0.0,0.0,0.0
12b03La.wav,Unknown,154.39977984072377,44.43155231969142,21.0,1.0,37.0,0.0,0.0,12.0,2.0,3.0,1.0,1.0,19.0,0.0,0.0,0.0,0.0,0.0
12b03Ta.wav,Unknown,112.95274016836989,11.872795238754648,36.0,5.0,40.0,1.0,0.0,3.0,4.0,5.0,1.0,5.0,9.0,5.0,1.0,0.0,0.0,0.0
12b09Ac.wav,Unknown,133.166597480156,16.12165109310166,14.0,3.0,19.0,2.0,0.0,7.0,0.0,2.0,2.0,3.0,9.0,0.0,0.0,0.0,1.0,0.0
12b09Td.wav,Unknown,101.49607998775123,20.53547941561445,69.0,6.0,9.0,2.0,1.0,15.0,0.0,3.0,3.0,4.0,5.0,1.0,0.0,3.0,0.0,0.0
12b09Wc.wav,Unknown,195.42915723061844,25.85963116613745,40.0,2.0,1.0,3.0,0.0,8.0,2.0,1.0,1.0,1.0,4.0,0.0,0.0,0.0,0.0,0.0
12b10Ac.wav,Unknown,192.91506677003744,15.797379867849921,7.0,2.0,12.0,3.0,0.0,5.0,1.0,1.0,2.0,1.0,7.0,1.0,2.0,0.0,0.0,0.0
12b10Ld.wav,Unknown,138.29011679725247,27.039251763534573,23.0,4.0,27.0,2.0,0.0,11.0,0.0,2.0,0.0,2.0,9.0,0.0,0.0,0.0,1.0,0.0
12b10Wa.wav,Unknown,267.0778014153753,20.3747713156292,26.0,4.0,6.0,5.0,1.0,6.0,3.0,2.0,2.0,2.0,3.0,1.0,1.0,0.0,0.0,0.0
13a01Ac.wav,Unknown,269.1621815885459,31.40225916745303,13.0,2.0,6.0,1.0,0.0,5.0,0.0,1.0,2.0,2.0,2.0,0.0,0.0,0.0,0.0,0.0
13a01Ea.wav,Unknown,185.47010774180166,18.404342218247137,9.0,0.0,6.0,0.0,1.0,6.0,1.0,0.0,2.0,2.0,6.0,1.0,1.0,1.0,0.0,0.0
13a01Ec.wav,Unknown,227.44514358135706,27.456517767822298,9.0,2.0,5.0,1.0,1.0,8.0,1.0,2.0,2.0,3.0,3.0,0.0,0.0,0.0,1.0,0.0
13a01Fd.wav,Unknown,337.8363114273229,66.64955381400279,13.0,1.0,5.0,3.0,0.0,8.0,0.0,0.0,3.0,1.0,7.0,0.0,1.0,0.0,0.0,1.0
13a01Lb.wav,Unknown,181.98804359097898,33.142707300476424,8.0,2.0,26.0,1.0,0.0,0.0,1.0,1.0,0.0,1.0,5.0,1.0,0.0,0.0,0.0,0.0
13a01Nb.wav,Unknown,202.56145754679494,29.91730615113186,17.0,1.0,4.0,2.0,1.0,8.0,0.0,0.0,2.0,2.0,1.0,0.0,0.0,0.0,0.0,0.0
13a01Wb.wav,Unknown,311.07820996284624,58.02381893260565,6.0,1.0,18.0,1.0,0.0,3.0,2.0,2.0,2.0,2.0,11.0,1.0,0.0,0.0,0.0,1.0
13a02Ad.wav,Unknown,202.78903910791539,25.483670797800862,16.0,2.0,8.0,1.0,0.0,4.0,1.0,2.0,1.0,1.0,0.0,0.0,0.0,0.0,0.0,0.0
13a02Ec.wav,Unknown,226.14893402967272,20.428122023655128,7.0,1.0,15.0,2.0,0.0,1.0,1.0,2.0,3.0,2.0,2.0,1.0,3.0,0.0,0.0,0.0
13a02Fa.wav,Unknown,314.6339664850131,69.34651073866509,18.0,2.0,5.0,3.0,1.0,13.0,0.0,0.0,3.0,3.0,6.0,0.0,0.0,0.0,0.0,0.0
13a02Lc.wav,Unknown,168.67723881350722,31.068778058825163,6.0,2.0,18.0,1.0,0.0,1.0,1.0,1.0,0.0,1.0,6.0,0.0,0.0,0.0,0.0,0.0
13a02Nc.wav,Unknown,198.5934849540663,50.195598662676645,12.0,2.0,8.0,1.0,0.0,8.0,0.0,1.0,0.0,1.0,9.0,0.0,0.0,0.0,0.0,0.0
13a02Ta.wav,Unknown,187.36545516085664,27.644567565567023,0.0,0.0,6.0,0.0,0.0,0.0,0.0,0.0,0.0,0.0,1.0,0.0,1.0,0.0,0.0,0.0
13a02Wa.wav,Unknown,286.3112965224254,51.80104321775874,8.0,2.0,14.0,1.0,0.0,7.0,0.0,1.0,0.0,1.0,13.0,1.0,0.0,0.0,0.0,0.0
13a04Ac.wav,Unknown,242.15003536049306,30.263310405563413,20.0,1.0,2.0,1.0,0.0,5.0,0.0,1.0,1.0,0.0,4.0,0.0,0.0,1.0,0.0,1.0
13a04Fc.wav,Unknown,315.5600496506477,64.2508302173556,5.0,4.0,23.0,3.0,0.0,5.0,0.0,1.0,2.0,2.0,8.0,0.0,0.0,0.0,0.0,0.0
13a04Lb.wav,Unknown,194.882881404607,71.61670072794425,3.0,1.0,48.0,1.0,0.0,0.0,0.0,0.0,0.0,1.0,8.0,0.0,0.0,0.0,0.0,0.0
13a04Ta.wav,Unknown,149.73870746462762,52.55655445207099,33.0,0.0,0.0,0.0,2.0,18.0,0.0,0.0,2.0,2.0,6.0,0.0,0.0,1.0,0.0,0.0
13a04Wc.wav,Unknown,286.0303780651165,43.39115601267971,10.0,3.0,20.0,3.0,0.0,5.0,0.0,1.0,0.0,0.0,6.0,0.0,1.0,0.0,0.0,0.0
13a05Aa.wav,Unknown,216.7144228690608,16.62415462505653,15.0,2.0,20.0,2.0,0.0,7.0,2.0,2.0,0.0,1.0,3.0,1.0,1.0,0.0,0.0,0.0
13a05Ea.wav,Unknown,235.9688884804302,21.970129095203696,18.0,2.0,15.0,3.0,2.0,12.0,4.0,3.0,5.0,3.0,10.0,0.0,0.0,2.0,0.0,1.0
13a05Lc.wav,Unknown,186.3832849819091,26.88844185098747,24.0,3.0,25.0,2.0,0.0,16.0,1.0,2.0,1.0,2.0,15.0,0.0,0.0,0.0,0.0,0.0
13a05Nb.wav,Unknown,209.33121139777384,45.53133817750495,17.0,4.0,50.0,4.0,0.0,0.0,0.0,0.0,0.0,0.0,4.0,0.0,1.0,0.0,0.0,0.0
13a05Tc.wav,Unknown,165.92122513332964,11.756674931671256,9.0,1.0,7.0,2.0,1.0,8.0,2.0,1.0,2.0,2.0,3.0,1.0,1.0,0.0,0.0,0.0
13a05Wa.wav,Unknown,259.5374362417352,16.246291470584424,22.0,2.0,15.0,2.0,3.0,8.0,1.0,1.0,2.0,4.0,5.0,0.0,0.0,1.0,2.0,0.0
13a05Wc.wav,Unknown,376.3891071953773,39.489108414572534,16.0,2.0,16.0,2.0,1.0,8.0,1.0,0.0,3.0,2.0,5.0,1.0,0.0,2.0,0.0,2.0
13a07Fd.wav,Unknown,331.4058931946123,59.731662905305924,14.0,2.0,20.0,3.0,0.0,4.0,1.0,1.0,3.0,2.0,10.0,0.0,1.0,0.0,0.0,0.0
13a07Lb.wav,Unknown,185.29999661500543,53.21787938314336,5.0,2.0,39.0,1.0,0.0,0.0,1.0,1.0,0.0,1.0,15.0,0.0,0.0,0.0,0.0,0.0
13a07Na.wav,Unknown,189.39081583771267,42.069491035604436,10.0,2.0,22.0,1.0,0.0,10.0,0.0,1.0,1.0,1.0,8.0,0.0,0.0,0.0,0.0,0.0
13a07Tc.wav,Unknown,174.5747901725043,15.882994169390466,14.0,0.0,11.0,0.0,0.0,3.0,0.0,1.0,1.0,1.0,2.0,0.0,1.0,0.0,0.0,0.0
13a07Wb.wav,Unknown,288.77467606777003,48.064510174737414,10.0,3.0,25.0,3.0,0.0,4.0,0.0,2.0,1.0,1.0,11.0,0.0,1.0,0.0,1.0,0.0
13b01Ab.wav,Unknown,278.1088352904491,39.290429491217786,15.0,3.0,21.0,1.0,0.0,6.0,1.0,3.0,1.0,2.0,7.0,0.0,0.0,1.0,0.0,0.0
13b01Ec.wav,Unknown,215.69997896627356,40.214044834889556,27.0,5.0,24.0,5.0,0.0,5.0,3.0,3.0,0.0,0.0,5.0,1.0,1.0,0.0,0.0,0.0
13b01Fc.wav,Unknown,312.9694668658768,78.5511914415259,18.0,2.0,16.0,2.0,0.0,13.0,0.0,1.0,2.0,2.0,10.0,0.0,0.0,0.0,0.0,0.0
13b01Ld.wav,Unknown,196.2003384608399,48.22991576858187,23.0,1.0,30.0,0.0,0.0,4.0,2.0,2.0,0.0,1.0,10.0,0.0,0.0,0.0,0.0,0.0
13b01Nc.wav,Unknown,179.78855007839385,24.116862666930793,15.0,2.0,23.0,0.0,0.0,7.0,2.0,3.0,1.0,2.0,14.0,1.0,0.0,0.0,0.0,0.0
13b01Wa.wav,Unknown,305.81205234863125,56.34752311219848,12.0,2.0,20.0,2.0,0.0,8.0,1.0,1.0,2.0,2.0,12.0,0.0,0.0,0.0,0.0,0.0
13b02Fb.wav,Unknown,252.80524570734835,80.14481628762103,15.0,2.0,38.0,2.0,0.0,11.0,1.0,2.0,1.0,0.0,17.0,0.0,1.0,1.0,0.0,0.0
13b02Lc.wav,Unknown,171.46017420848915,34.09932321676082,21.0,5.0,41.0,4.0,0.0,16.0,2.0,2.0,2.0,3.0,11.0,1.0,1.0,0.0,0.0,0.0
13b02Nb.wav,Unknown,184.83187134606368,30.142878409805128,28.0,4.0,8.0,4.0,0.0,17.0,1.0,2.0,2.0,2.0,11.0,0.0,0.0,0.0,0.0,0.0
13b02Wa.wav,Unknown,314.7633580185062,38.989761796643734,16.0,4.0,23.0,3.0,0.0,5.0,1.0,2.0,0.0,1.0,5.0,0.0,0.0,0.0,1.0,0.0
13b03Ac.wav,Unknown,239.3309765597512,20.90085351801264,36.0,3.0,21.0,2.0,0.0,12.0,2.0,4.0,2.0,2.0,9.0,0.0,1.0,1.0,0.0,0.0
13b03Ed.wav,Unknown,190.01145619529888,27.05226031942369,34.0,4.0,41.0,3.0,1.0,7.0,0.0,0.0,1.0,2.0,2.0,1.0,0.0,1.0,0.0,0.0
13b03Fd.wav,Unknown,346.06669493193783,53.85164953925143,16.0,4.0,37.0,4.0,0.0,7.0,1.0,2.0,2.0,2.0,17.0,2.0,2.0,0.0,0.0,0.0
13b03Lb.wav,Unknown,164.21740805113393,32.41040572603063,10.0,2.0,69.0,1.0,0.0,0.0,0.0,1.0,0.0,1.0,15.0,1.0,1.0,0.0,0.0,0.0
13b03Na.wav,Unknown,190.68379611121935,29.68811319330325,32.0,4.0,30.0,4.0,0.0,10.0,0.0,1.0,2.0,2.0,13.0,0.0,0.0,0.0,0.0,0.0
13b03Td.wav,Unknown,146.69851785475032,30.251560038533274,63.0,7.0,17.0,5.0,0.0,9.0,0.0,1.0,2.0,3.0,5.0,1.0,0.0,1.0,0.0,0.0
13b03Wc.wav,Unknown,328.4305001828565,38.50296543632156,16.0,4.0,38.0,4.0,1.0,7.0,1.0,2.0,1.0,0.0,17.0,0.0,1.0,1.0,0.0,0.0
13b09Ab.wav,Unknown,232.4880799792499,21.287087166464545,25.0,6.0,8.0,5.0,0.0,10.0,0.0,1.0,2.0,3.0,3.0,0.0,0.0,0.0,0.0,0.0
13b09Ec.wav,Unknown,193.54376112174123,10.641453269483243,33.0,4.0,10.0,3.0,2.0,7.0,2.0,2.0,1.0,2.0,2.0,1.0,0.0,1.0,0.0,0.0
13b09Fb.wav,Unknown,303.7344704597124,71.71617676331556,17.0,3.0,24.0,5.0,0.0,10.0,1.0,2.0,3.0,1.0,13.0,0.0,2.0,0.0,0.0,0.0
13b09Fc.wav,Unknown,249.26646388654552,47.07231578173596,15.0,4.0,13.0,5.0,0.0,14.0,0.0,1.0,4.0,3.0,13.0,0.0,1.0,0.0,0.0,0.0
13b09La.wav,Unknown,165.8890982599444,21.657784950939057,18.0,1.0,41.0,0.0,0.0,2.0,1.0,2.0,1.0,1.0,9.0,0.0,0.0,0.0,0.0,0.0
13b09Na.wav,Unknown,200.39237935038201,35.55170318922527,20.0,1.0,22.0,2.0,0.0,10.0,0.0,1.0,4.0,2.0,12.0,0.0,2.0,0.0,0.0,0.0
13b09Wa.wav,Unknown,325.21530502105213,58.39664710210736,33.0,3.0,11.0,3.0,0.0,9.0,1.0,1.0,3.0,3.0,4.0,0.0,0.0,0.0,0.0,0.0
13b10Ec.wav,Unknown,213.91088234062204,37.66289075335407,16.0,2.0,20.0,3.0,0.0,11.0,0.0,1.0,3.0,2.0,8.0,0.0,1.0,0.0,0.0,0.0
13b10Fa.wav,Unknown,308.73553263323544,77.09962351939068,38.0,1.0,3.0,1.0,0.0,14.0,0.0,1.0,1.0,1.0,3.0,0.0,1.0,0.0,0.0,0.0
13b10La.wav,Unknown,183.26013479115917,18.692712482025687,25.0,3.0,10.0,2.0,0.0,15.0,0.0,1.0,3.0,3.0,7.0,0.0,0.0,0.0,0.0,0.0
13b10Nc.wav,Unknown,199.40243943003247,44.58863228715753,22.0,1.0,12.0,0.0,0.0,16.0,0.0,1.0,3.0,3.0,7.0,0.0,0.0,0.0,0.0,0.0
13b10Wa.wav,Unknown,312.30908909332084,62.67284253262275,33.0,3.0,6.0,2.0,0.0,11.0,1.0,1.0,1.0,2.0,3.0,1.0,0.0,0.0,0.0,0.0
13b10Wc.wav,Unknown,355.901260012593,65.93218991893417,23.0,3.0,18.0,2.0,0.0,10.0,0.0,1.0,3.0,3.0,6.0,0.0,0.0,0.0,0.0,0.0
14a01Aa.wav,Unknown,227.7217085751921,33.97252329622569,14.0,1.0,7.0,2.0,1.0,6.0,0.0,0.0,2.0,2.0,0.0,0.0,0.0,0.0,0.0,0.0
14a01Ac.wav,Unknown,306.1647275899934,41.99815523960041,5.0,1.0,6.0,2.0,0.0,4.0,3.0,2.0,1.0,1.0,6.0,0.0,0.0,0.0,0.0,0.0
14a01Ea.wav,Unknown,211.16876073584427,16.779666654660584,8.0,2.0,13.0,2.0,0.0,5.0,2.0,3.0,2.0,1.0,6.0,0.0,0.0,1.0,0.0,1.0
14a01Na.wav,Unknown,158.38272154063029,14.507274119379456,13.0,2.0,6.0,1.0,0.0,7.0,0.0,1.0,1.0,1.0,5.0,1.0,1.0,0.0,0.0,0.0
14a01Wa.wav,Unknown,273.18835917940964,48.18482702480608,12.0,0.0,7.0,1.0,1.0,7.0,1.0,1.0,2.0,2.0,8.0,0.0,0.0,0.0,0.0,0.0
14a01Wc.wav,Unknown,267.189245914148,51.06620258893432,11.0,1.0,15.0,2.0,0.0,3.0,2.0,1.0,1.0,0.0,5.0,0.0,0.0,0.0,0.0,0.0
14a02Ab.wav,Unknown,243.50166461657537,24.773842092876748,15.0,1.0,9.0,1.0,1.0,5.0,1.0,2.0,2.0,2.0,2.0,0.0,0.0,1.0,0.0,0.0
14a02Ea.wav,Unknown,223.94967232698198,21.080649840013812,8.0,1.0,3.0,1.0,1.0,7.0,2.0,2.0,2.0,2.0,4.0,0.0,0.0,0.0,0.0,0.0
14a02Fd.wav,Unknown,291.58599958844604,58.18307406777969,16.0,2.0,9.0,2.0,0.0,4.0,1.0,1.0,3.0,3.0,6.0,0.0,0.0,0.0,0.0,0.0
14a02La.wav,Unknown,176.92998044176008,20.49891081513085,2.0,2.0,5.0,2.0,1.0,7.0,0.0,0.0,1.0,1.0,5.0,0.0,0.0,0.0,1.0,0.0
14a02Nc.wav,Unknown,180.27820155848173,27.001566438057946,11.0,1.0,6.0,0.0,0.0,9.0,0.0,1.0,2.0,2.0,4.0,0.0,0.0,0.0,0.0,0.0
14a02Tb.wav,Unknown,148.83453233162837,9.739839732278714,0.0,0.0,4.0,0.0,0.0,1.0,1.0,0.0,1.0,0.0,2.0,0.0,0.0,0.0,0.0,1.0
14a02Wa.wav,Unknown,287.61917048495326,61.877626994383554,31.0,3.0,5.0,2.0,0.0,8.0,0.0,1.0,2.0,2.0,1.0,0.0,0.0,0.0,0.0,0.0
14a02Wc.wav,Unknown,302.6585664804297,70.28948139949686,3.0,1.0,22.0,2.0,0.0,5.0,3.0,2.0,1.0,0.0,10.0,0.0,0.0,0.0,0.0,0.0
14a04Aa.wav,Unknown,241.37127618332806,39.51620927172282,7.0,4.0,23.0,3.0,1.0,2.0,1.0,1.0,0.0,1.0,2.0,0.0,0.0,1.0,0.0,0.0
14a04Ed.wav,Unknown,236.41988313946268,31.384497066528528,25.0,3.0,7.0,2.0,1.0,10.0,1.0,2.0,3.0,3.0,5.0,0.0,0.0,1.0,0.0,0.0
14a04Lb.wav,Unknown,174.47443899770676,52.49963385526151,11.0,2.0,23.0,1.0,0.0,4.0,1.0,2.0,0.0,1.0,6.0,0.0,0.0,0.0,0.0,0.0
14a04Tb.wav,Unknown,167.22053035195015,17.9575674199723,7.0,2.0,19.0,0.0,0.0,4.0,1.0,1.0,0.0,2.0,9.0,2.0,0.0,0.0,0.0,0.0
14a04Tc.wav,Unknown,140.71633222584,37.27761726336396,32.0,0.0,0.0,0.0,0.0,12.0,0.0,0.0,1.0,1.0,0.0,0.0,0.0,1.0,0.0,0.0
14a04Wb.wav,Unknown,296.96452854480367,58.76505552664293,28.0,2.0,6.0,1.0,1.0,5.0,1.0,2.0,0.0,0.0,0.0,0.0,0.0,1.0,0.0,0.0
14a04Wc.wav,Unknown,368.34205661805424,38.35107340589786,17.0,2.0,13.0,3.0,0.0,7.0,1.0,0.0,3.0,1.0,6.0,0.0,0.0,0.0,0.0,1.0
14a05Aa.wav,Unknown,239.2994111257696,17.387741724759024,14.0,4.0,12.0,4.0,1.0,9.0,2.0,1.0,1.0,2.0,7.0,1.0,0.0,1.0,0.0,0.0
14a05Ac.wav,Unknown,324.38577931276285,43.77467550707105,13.0,4.0,31.0,4.0,0.0,8.0,4.0,5.0,3.0,3.0,18.0,1.0,1.0,0.0,0.0,0.0
14a05Fa.wav,Unknown,320.5887591117893,40.11444561327064,21.0,1.0,16.0,3.0,1.0,10.0,2.0,2.0,3.0,1.0,7.0,0.0,1.0,1.0,0.0,0.0
14a05Fb.wav,Unknown,269.7395023520039,44.10417171830878,24.0,4.0,17.0,5.0,0.0,9.0,3.0,2.0,4.0,3.0,5.0,0.0,0.0,0.0,0.0,0.0
14a05Lb.wav,Unknown,159.6885900228785,28.545445834969268,11.0,4.0,36.0,3.0,0.0,12.0,0.0,1.0,1.0,2.0,16.0,0.0,0.0,0.0,0.0,0.0
14a05Na.wav,Unknown,172.14360319295258,15.381461390128761,17.0,3.0,12.0,2.0,0.0,11.0,2.0,4.0,4.0,4.0,10.0,0.0,0.0,1.0,0.0,0.0
14a05Ta.wav,Unknown,106.15556177258937,42.12385644470432,6.0,0.0,37.0,0.0,0.0,0.0,0.0,0.0,1.0,1.0,12.0,0.0,1.0,0.0,0.0,0.0
14a05Tc.wav,Unknown,109.87441335565295,46.02105319562599,17.0,0.0,15.0,0.0,0.0,16.0,0.0,1.0,0.0,1.0,13.0,0.0,1.0,0.0,1.0,0.0
14a05Wa.wav,Unknown,299.8889584991244,57.38710285107171,27.0,2.0,14.0,2.0,0.0,21.0,2.0,2.0,3.0,2.0,15.0,0.0,0.0,1.0,0.0,1.0
14a05Wb.wav,Unknown,321.3948124956241,36.61166840271379,25.0,3.0,14.0,1.0,0.0,9.0,2.0,3.0,2.0,2.0,6.0,0.0,0.0,1.0,0.0,0.0
14a07Aa.wav,Unknown,246.25342872933174,12.64550878140733,15.0,2.0,6.0,2.0,1.0,8.0,1.0,1.0,2.0,3.0,3.0,0.0,0.0,0.0,0.0,0.0
14a07Eb.wav,Unknown,203.76433530295728,31.58826263034737,16.0,3.0,32.0,3.0,1.0,8.0,3.0,4.0,3.0,3.0,13.0,0.0,0.0,1.0,0.0,0.0
14a07Fd.wav,Unknown,283.85863058893165,94.85413580781055,6.0,0.0,8.0,1.0,0.0,10.0,2.0,1.0,3.0,2.0,6.0,0.0,0.0,0.0,0.0,0.0
14a07Lc.wav,Unknown,210.23671586281165,37.81609935816998,21.0,2.0,7.0,1.0,1.0,9.0,0.0,1.0,1.0,1.0,5.0,0.0,0.0,1.0,0.0,0.0
14a07Ld.wav,Unknown,176.53203559661432,50.838246464134144,8.0,2.0,17.0,1.0,0.0,13.0,1.0,1.0,1.0,2.0,16.0,1.0,0.0,0.0,0.0,0.0
14a07Na.wav,Unknown,159.3966960616051,12.078384722121005,18.0,4.0,17.0,3.0,0.0,3.0,0.0,2.0,1.0,1.0,3.0,0.0,0.0,1.0,0.0,0.0
14a07Tc.wav,Unknown,148.68374649482135,35.59566762357254,18.0,1.0,7.0,2.0,1.0,6.0,1.0,0.0,1.0,1.0,3.0,0.0,0.0,0.0,0.0,0.0
14a07Wc.wav,Unknown,300.7923802288953,52.25042418342039,23.0,2.0,17.0,2.0,0.0,4.0,0.0,1.0,1.0,1.0,6.0,0.0,0.0,0.0,0.0,0.0
14b01Ac.wav,Unknown,334.90239802692867,37.03160810471073,23.0,5.0,19.0,5.0,0.0,9.0,1.0,1.0,1.0,1.0,4.0,0.0,0.0,0.0,0.0,0.0
14b01Eb.wav,Unknown,197.06876932962254,22.64428919370093,31.0,0.0,10.0,1.0,1.0,12.0,2.0,1.0,2.0,2.0,5.0,0.0,0.0,0.0,0.0,0.0
14b01Fa.wav,Unknown,259.248606845444,54.653410205481606,18.0,2.0,19.0,2.0,0.0,10.0,2.0,2.0,2.0,2.0,12.0,0.0,0.0,0.0,0.0,0.0
14b01Fc.wav,Unknown,312.59362682494765,73.33557267348785,11.0,2.0,19.0,2.0,0.0,13.0,1.0,1.0,3.0,3.0,13.0,0.0,0.0,0.0,0.0,0.0
14b01Na.wav,Unknown,175.8906109113884,25.897954308874013,6.0,3.0,27.0,2.0,0.0,10.0,1.0,2.0,1.0,2.0,13.0,1.0,0.0,0.0,0.0,0.0
14b01Wc.wav,Unknown,295.902755297434,45.50050167776922,16.0,1.0,11.0,3.0,1.0,10.0,1.0,1.0,4.0,2.0,5.0,0.0,1.0,1.0,0.0,0.0
14b02Aa.wav,Unknown,277.4425822974883,36.835385473638304,14.0,2.0,25.0,2.0,0.0,9.0,2.0,2.0,3.0,3.0,14.0,1.0,1.0,0.0,0.0,0.0
14b02Fb.wav,Unknown,314.0431515395348,69.3904097386509,15.0,1.0,16.0,0.0,0.0,11.0,2.0,1.0,1.0,2.0,14.0,2.0,0.0,0.0,0.0,0.0
14b02Na.wav,Unknown,170.61385036282192,27.191141267102495,5.0,3.0,33.0,2.0,0.0,12.0,1.0,2.0,2.0,3.0,22.0,0.0,0.0,0.0,0.0,0.0
14b02Tc.wav,Unknown,97.14792623940745,39.513983775717065,0.0,0.0,42.0,0.0,0.0,0.0,0.0,0.0,0.0,1.0,26.0,1.0,1.0,0.0,0.0,0.0
14b02Wb.wav,Unknown,265.5535206140331,57.19072908746911,17.0,3.0,16.0,1.0,0.0,12.0,0.0,2.0,2.0,2.0,10.0,0.0,0.0,1.0,0.0,0.0
14b02Wd.wav,Unknown,215.08393217478394,36.80837612981565,37.0,1.0,6.0,0.0,0.0,11.0,1.0,2.0,1.0,1.0,5.0,0.0,0.0,1.0,0.0,0.0
14b03Ad.wav,Unknown,255.69177033328685,23.743094370268608,33.0,5.0,13.0,3.0,0.0,17.0,2.0,2.0,1.0,3.0,10.0,2.0,0.0,0.0,1.0,1.0
14b03Ed.wav,Unknown,230.1792366635189,26.682698482427348,43.0,5.0,33.0,5.0,0.0,14.0,4.0,4.0,3.0,3.0,15.0,1.0,1.0,0.0,0.0,0.0
14b03Lb.wav,Unknown,169.50089303066835,57.16922867876104,20.0,1.0,39.0,0.0,0.0,12.0,0.0,1.0,1.0,2.0,19.0,0.0,0.0,0.0,0.0,0.0
14b03Ta.wav,Unknown,135.84812382751488,44.014399741759895,33.0,0.0,3.0,0.0,1.0,23.0,0.0,1.0,2.0,2.0,5.0,0.0,0.0,1.0,0.0,0.0
14b03Wb.wav,Unknown,284.4138372153751,70.27357346883895,38.0,1.0,13.0,2.0,0.0,16.0,2.0,3.0,2.0,1.0,11.0,0.0,1.0,0.0,0.0,0.0
14b09Ac.wav,Unknown,257.8876277761776,25.27113043350257,34.0,0.0,18.0,2.0,1.0,7.0,1.0,0.0,1.0,0.0,3.0,0.0,0.0,0.0,0.0,1.0
14b09Ea.wav,Unknown,201.84223347191332,22.17928944339342,21.0,1.0,13.0,3.0,3.0,10.0,4.0,2.0,3.0,3.0,8.0,0.0,0.0,0.0,0.0,0.0
14b09Fc.wav,Unknown,227.72993962892298,30.887616625542258,16.0,3.0,15.0,3.0,0.0,7.0,2.0,2.0,2.0,1.0,10.0,0.0,1.0,1.0,0.0,0.0
14b09Lb.wav,Unknown,183.59902230689502,46.1831108169969,16.0,1.0,33.0,0.0,0.0,11.0,3.0,4.0,1.0,2.0,18.0,0.0,0.0,0.0,0.0,0.0
14b09Td.wav,Unknown,177.37778464699608,16.35222267341279,7.0,2.0,18.0,3.0,1.0,1.0,1.0,0.0,0.0,0.0,2.0,1.0,1.0,0.0,0.0,0.0
14b09Wa.wav,Unknown,262.56761050667865,45.73225435996533,40.0,7.0,23.0,7.0,0.0,12.0,0.0,1.0,2.0,2.0,9.0,0.0,0.0,0.0,0.0,0.0
14b09Wc.wav,Unknown,312.2556512460208,70.4498506139616,42.0,2.0,14.0,2.0,0.0,7.0,0.0,1.0,2.0,2.0,1.0,0.0,0.0,0.0,0.0,0.0
14b10Ad.wav,Unknown,231.63328228012026,23.995745799040968,15.0,3.0,23.0,3.0,0.0,4.0,1.0,2.0,2.0,2.0,5.0,0.0,0.0,0.0,0.0,0.0
14b10Eb.wav,Unknown,190.46165447907362,22.56889547507352,30.0,5.0,20.0,5.0,0.0,10.0,2.0,3.0,3.0,3.0,11.0,0.0,0.0,0.0,0.0,0.0
14b10Lb.wav,Unknown,200.79156019140368,53.49801077831504,9.0,2.0,32.0,1.0,0.0,5.0,0.0,1.0,0.0,1.0,12.0,0.0,0.0,0.0,0.0,0.0
14b10Nb.wav,Unknown,178.2041427180598,27.55018917902278,1.0,2.0,30.0,0.0,0.0,7.0,1.0,1.0,0.0,1.0,18.0,1.0,0.0,0.0,0.0,0.0
14b10Tc.wav,Unknown,145.28828703252813,9.005527795746328,10.0,4.0,12.0,2.0,0.0,5.0,0.0,2.0,3.0,3.0,4.0,0.0,0.0,1.0,0.0,0.0
14b10Wc.wav,Unknown,270.0855033675053,62.00031795193398,41.0,2.0,5.0,2.0,0.0,15.0,0.0,1.0,2.0,2.0,8.0,0.0,0.0,0.0,0.0,0.0
15a01Ea.wav,Unknown,122.83668954659827,5.390876409068382,4.0,0.0,0.0,0.0,0.0,1.0,0.0,1.0,0.0,0.0,0.0,0.0,0.0,1.0,0.0,0.0
15a01Fb.wav,Unknown,211.90813767553652,48.47673402932839,0.0,1.0,16.0,1.0,0.0,0.0,1.0,1.0,1.0,1.0,3.0,1.0,0.0,0.0,0.0,0.0
15a01La.wav,Unknown,102.18946921521736,31.50185128544642,5.0,1.0,26.0,0.0,0.0,0.0,0.0,0.0,0.0,1.0,8.0,0.0,0.0,0.0,0.0,0.0
15a01Nb.wav,Unknown,104.85058547229835,17.99263279388794,16.0,0.0,3.0,0.0,1.0,10.0,0.0,1.0,2.0,2.0,5.0,0.0,0.0,1.0,0.0,0.0
15a01Wa.wav,Unknown,291.2960782937937,24.402486650390934,4.0,1.0,13.0,2.0,0.0,0.0,1.0,0.0,1.0,0.0,3.0,0.0,0.0,0.0,0.0,0.0
15a02Ac.wav,Unknown,187.51121881176482,47.13198470594965,13.0,1.0,10.0,0.0,0.0,6.0,0.0,1.0,1.0,2.0,6.0,0.0,0.0,0.0,0.0,0.0
15a02Ea.wav,Unknown,120.847912190783,23.79499820635304,22.0,2.0,3.0,1.0,0.0,10.0,1.0,2.0,2.0,2.0,4.0,0.0,0.0,0.0,0.0,0.0
15a02La.wav,Unknown,93.99952740779344,20.95337994302741,2.0,1.0,29.0,1.0,0.0,2.0,1.0,2.0,1.0,1.0,10.0,0.0,1.0,0.0,0.0,0.0
15a02Na.wav,Unknown,87.33257514952658,10.376577103445362,8.0,1.0,5.0,0.0,1.0,3.0,0.0,1.0,0.0,1.0,5.0,0.0,0.0,1.0,0.0,0.0
15a02Ta.wav,Unknown,103.6249849232923,11.462133816881087,6.0,1.0,14.0,0.0,1.0,2.0,3.0,2.0,1.0,2.0,7.0,1.0,0.0,0.0,0.0,0.0
15a02Wb.wav,Unknown,272.2039705590968,85.93951970829497,17.0,2.0,9.0,2.0,0.0,7.0,0.0,1.0,3.0,3.0,8.0,0.0,0.0,0.0,0.0,0.0
15a02Wd.wav,Unknown,202.10609744414447,52.44287414759839,25.0,2.0,8.0,2.0,0.0,8.0,0.0,1.0,1.0,1.0,5.0,0.0,0.0,0.0,0.0,0.0
15a04Ab.wav,Unknown,160.79967120659742,27.532612707225912,19.0,2.0,12.0,2.0,0.0,6.0,1.0,1.0,3.0,3.0,3.0,1.0,1.0,0.0,0.0,0.0
15a04Ac.wav,Unknown,199.43301113926162,39.29723888490872,12.0,2.0,9.0,1.0,0.0,5.0,0.0,1.0,1.0,1.0,7.0,0.0,0.0,0.0,0.0,0.0
15a04Fd.wav,Unknown,226.65049783919466,82.91938267629,16.0,0.0,4.0,1.0,1.0,8.0,0.0,0.0,1.0,1.0,6.0,0.0,0.0,0.0,0.0,0.0
15a04Nc.wav,Unknown,98.54511678883357,19.303962824273654,14.0,1.0,5.0,2.0,1.0,11.0,0.0,0.0,1.0,1.0,5.0,0.0,0.0,0.0,0.0,0.0
15a04Wa.wav,Unknown,229.19451555033518,50.721426511996206,21.0,5.0,13.0,5.0,0.0,5.0,0.0,1.0,1.0,1.0,4.0,0.0,0.0,0.0,0.0,0.0
15a04Wb.wav,Unknown,240.94991251843115,77.75437064896143,13.0,2.0,13.0,1.0,0.0,7.0,0.0,1.0,0.0,1.0,7.0,0.0,0.0,0.0,0.0,0.0
15a05Eb.wav,Unknown,140.5285872717218,14.825401519828358,17.0,6.0,28.0,5.0,1.0,7.0,1.0,2.0,1.0,1.0,8.0,1.0,1.0,2.0,1.0,1.0
15a05Fb.wav,Unknown,278.31544151602714,55.76427083416505,11.0,3.0,22.0,3.0,0.0,1.0,1.0,2.0,1.0,0.0,5.0,1.0,1.0,1.0,0.0,0.0
15a05Lb.wav,Unknown,98.70371871497066,17.592774536295348,18.0,2.0,33.0,1.0,0.0,8.0,2.0,2.0,2.0,3.0,6.0,0.0,0.0,0.0,0.0,0.0
15a05Na.wav,Unknown,108.1424789305817,11.419174803949442,22.0,1.0,18.0,2.0,0.0,16.0,2.0,2.0,4.0,3.0,6.0,0.0,1.0,0.0,0.0,0.0
15a05Wa.wav,Unknown,253.67762958578834,43.992356132453494,5.0,5.0,24.0,5.0,0.0,10.0,1.0,1.0,2.0,1.0,10.0,0.0,0.0,0.0,0.0,0.0
15a07Ac.wav,Unknown,185.5152148774943,32.630406202001794,23.0,3.0,5.0,3.0,0.0,11.0,1.0,1.0,1.0,1.0,2.0,0.0,0.0,0.0,0.0,0.0
15a07Eb.wav,Unknown,132.01471929406063,21.252244722110515,3.0,1.0,22.0,0.0,0.0,5.0,0.0,0.0,2.0,2.0,8.0,0.0,0.0,1.0,0.0,0.0
15a07Fa.wav,Unknown,263.95788706465277,42.04437691193373,17.0,3.0,12.0,3.0,0.0,6.0,0.0,0.0,2.0,2.0,2.0,0.0,0.0,1.0,0.0,0.0
15a07Fb.wav,Unknown,213.8917565760631,80.36455442843967,16.0,0.0,10.0,2.0,1.0,13.0,1.0,0.0,3.0,2.0,5.0,0.0,1.0,0.0,0.0,0.0
15a07Ld.wav,Unknown,111.84953971562854,40.963468805119575,7.0,1.0,29.0,0.0,0.0,0.0,1.0,2.0,1.0,2.0,10.0,0.0,0.0,0.0,0.0,0.0
15a07Nc.wav,Unknown,104.46386723912562,15.507827904143587,22.0,2.0,12.0,1.0,0.0,7.0,0.0,1.0,3.0,3.0,3.0,0.0,0.0,0.0,0.0,0.0
15b01Ec.wav,Unknown,158.16210858998699,37.777731379928575,22.0,2.0,18.0,1.0,0.0,13.0,1.0,1.0,2.0,3.0,7.0,1.0,0.0,0.0,0.0,0.0
15b01Lb.wav,Unknown,95.9204685794836,16.05936896921548,16.0,3.0,23.0,0.0,1.0,5.0,2.0,4.0,0.0,2.0,10.0,1.0,0.0,2.0,0.0,0.0
15b01Na.wav,Unknown,121.380624706503,23.05853710962192,23.0,3.0,12.0,2.0,0.0,11.0,0.0,0.0,1.0,1.0,10.0,1.0,0.0,0.0,0.0,1.0
15b01Wc.wav,Unknown,182.24362699827026,51.31541459660265,16.0,1.0,36.0,1.0,0.0,8.0,0.0,1.0,2.0,2.0,11.0,0.0,0.0,0.0,0.0,0.0
15b02Aa.wav,Unknown,182.6221883587538,27.993925357693904,20.0,3.0,14.0,2.0,1.0,9.0,2.0,2.0,1.0,2.0,9.0,1.0,0.0,1.0,0.0,0.0
15b02Lb.wav,Unknown,99.79508126968962,26.843878120245034,14.0,3.0,54.0,2.0,0.0,0.0,0.0,0.0,0.0,1.0,10.0,0.0,0.0,0.0,0.0,0.0
15b02Nd.wav,Unknown,100.62794581149635,18.196478551944864,8.0,3.0,24.0,1.0,0.0,14.0,1.0,2.0,1.0,3.0,19.0,1.0,0.0,0.0,0.0,0.0
15b02Tc.wav,Unknown,105.60400917243622,10.108024004045086,30.0,5.0,28.0,4.0,0.0,6.0,5.0,7.0,2.0,2.0,6.0,0.0,1.0,0.0,1.0,0.0
15b02Wa.wav,Unknown,185.21630970892784,20.336668500564357,6.0,2.0,4.0,1.0,0.0,4.0,2.0,1.0,0.0,1.0,5.0,2.0,0.0,0.0,0.0,0.0
15b02Wc.wav,Unknown,214.7134104447756,55.85712782380297,16.0,3.0,19.0,3.0,0.0,7.0,0.0,1.0,3.0,3.0,8.0,0.0,0.0,0.0,0.0,0.0
15b03Aa.wav,Unknown,127.58925886976023,12.951335785655967,15.0,2.0,20.0,2.0,1.0,7.0,3.0,3.0,2.0,2.0,9.0,0.0,0.0,0.0,0.0,0.0
15b03Lc.wav,Unknown,100.09592119140133,21.82124189910629,28.0,2.0,29.0,1.0,0.0,7.0,5.0,6.0,2.0,3.0,8.0,0.0,0.0,0.0,0.0,0.0
15b03Nb.wav,Unknown,100.94069803000279,18.189534324275492,29.0,3.0,13.0,0.0,0.0,20.0,2.0,4.0,1.0,2.0,15.0,1.0,0.0,1.0,0.0,0.0
15b03Tc.wav,Unknown,103.3055541947558,12.53460595441263,50.0,5.0,30.0,2.0,0.0,5.0,0.0,2.0,1.0,3.0,5.0,2.0,1.0,1.0,0.0,0.0
15b03Wa.wav,Unknown,214.7241730035259,54.41454877507636,23.0,6.0,30.0,5.0,0.0,11.0,0.0,1.0,1.0,2.0,11.0,1.0,0.0,0.0,0.0,0.0
15b03Wb.wav,Unknown,194.0111754151143,44.95530669845107,21.0,2.0,22.0,1.0,0.0,13.0,0.0,1.0,2.0,2.0,12.0,0.0,0.0,0.0,0.0,0.0
15b09Ac.wav,Unknown,161.89441878712162,32.694910822923035,27.0,1.0,17.0,2.0,0.0,8.0,1.0,2.0,2.0,1.0,7.0,0.0,2.0,0.0,0.0,0.0
15b09Fa.wav,Unknown,203.28835699367932,64.93146774063257,16.0,1.0,13.0,1.0,0.0,13.0,1.0,1.0,4.0,4.0,5.0,0.0,0.0,0.0,0.0,0.0
15b09La.wav,Unknown,103.74959847986946,30.78645480844142,18.0,3.0,49.0,2.0,0.0,0.0,2.0,2.0,0.0,1.0,11.0,0.0,0.0,0.0,0.0,0.0
15b09Nb.wav,Unknown,93.87995686036344,14.41790416346672,19.0,2.0,14.0,1.0,0.0,8.0,1.0,2.0,2.0,2.0,6.0,0.0,0.0,0.0,0.0,0.0
15b09Ta.wav,Unknown,106.58778372723165,19.300610559326877,31.0,6.0,29.0,4.0,0.0,8.0,1.0,3.0,1.0,2.0,10.0,0.0,0.0,1.0,0.0,0.0
15b09Wb.wav,Unknown,199.4256779407807,63.016623479822925,18.0,1.0,13.0,1.0,0.0,5.0,0.0,1.0,1.0,1.0,6.0,0.0,0.0,0.0,0.0,0.0
15b10Ac.wav,Unknown,197.52207865123194,43.97967556846311,23.0,2.0,14.0,2.0,0.0,9.0,0.0,1.0,3.0,3.0,4.0,0.0,0.0,0.0,0.0,0.0
15b10Lc.wav,Unknown,99.22100799517912,24.762183859022095,11.0,3.0,38.0,2.0,0.0,2.0,0.0,1.0,0.0,1.0,9.0,0.0,0.0,0.0,0.0,0.0
15b10Nb.wav,Unknown,94.10350519041478,16.53784715815696,15.0,3.0,16.0,2.0,0.0,14.0,0.0,1.0,1.0,2.0,12.0,0.0,0.0,0.0,0.0,0.0
15b10Nc.wav,Unknown,97.03330350445736,17.514947137194405,18.0,2.0,1.0,1.0,0.0,16.0,0.0,1.0,2.0,2.0,8.0,0.0,0.0,0.0,0.0,0.0
15b10Wa.wav,Unknown,229.7107315752422,57.285327706394256,31.0,2.0,21.0,3.0,0.0,8.0,0.0,1.0,2.0,1.0,6.0,0.0,1.0,0.0,0.0,0.0
16a01Ec.wav,Unknown,280.1044902994473,33.84035971408273,13.0,2.0,7.0,1.0,0.0,6.0,2.0,2.0,1.0,1.0,3.0,1.0,0.0,0.0,0.0,0.0
16a01Fc.wav,Unknown,340.4546739025027,72.88785829539809,34.0,1.0,8.0,1.0,0.0,9.0,1.0,1.0,1.0,1.0,0.0,0.0,0.0,0.0,0.0,0.0
16a01Lb.wav,Unknown,205.64815936713376,54.860242013489106,12.0,1.0,17.0,0.0,0.0,8.0,1.0,2.0,0.0,1.0,13.0,0.0,0.0,0.0,0.0,0.0
16a01Nc.wav,Unknown,185.95105937711486,34.80980947473914,5.0,2.0,14.0,2.0,1.0,8.0,1.0,1.0,1.0,1.0,8.0,1.0,1.0,0.0,0.0,0.0
16a01Tb.wav,Unknown,216.46404695067207,55.895717429871965,2.0,2.0,46.0,2.0,0.0,0.0,0.0,0.0,0.0,0.0,5.0,1.0,0.0,0.0,0.0,0.0
16a01Wb.wav,Unknown,365.2471496711689,32.34193850188753,3.0,1.0,2.0,0.0,0.0,4.0,0.0,1.0,1.0,1.0,3.0,0.0,0.0,1.0,0.0,0.0
16a02Ea.wav,Unknown,266.1916518600265,51.437725780411526,12.0,0.0,15.0,3.0,0.0,10.0,2.0,2.0,5.0,2.0,8.0,0.0,3.0,0.0,0.0,0.0
16a02Ec.wav,Unknown,237.20764078008304,50.696583206598724,7.0,2.0,25.0,4.0,0.0,6.0,1.0,1.0,4.0,1.0,7.0,0.0,3.0,0.0,0.0,0.0
16a02Lb.wav,Unknown,231.37179333508408,55.25950905015137,9.0,3.0,15.0,2.0,0.0,9.0,0.0,1.0,1.0,1.0,8.0,0.0,0.0,0.0,0.0,0.0
16a02Nb.wav,Unknown,199.5751186514121,36.037246491855,18.0,1.0,5.0,0.0,0.0,12.0,0.0,1.0,1.0,1.0,7.0,0.0,0.0,0.0,0.0,0.0
16a02Tc.wav,Unknown,192.6146861774852,7.287264902302938,8.0,3.0,8.0,1.0,1.0,5.0,0.0,1.0,0.0,3.0,2.0,1.0,0.0,0.0,1.0,0.0
16a02Wb.wav,Unknown,326.2452622264276,92.10371523745994,7.0,2.0,13.0,1.0,0.0,8.0,0.0,1.0,2.0,2.0,10.0,0.0,0.0,0.0,0.0,0.0
16a04Ab.wav,Unknown,301.90482960876955,32.61852365730167,26.0,1.0,5.0,2.0,1.0,5.0,0.0,0.0,0.0,0.0,0.0,0.0,0.0,0.0,0.0,0.0
16a04Ea.wav,Unknown,204.94826114764362,23.88576371286837,18.0,4.0,12.0,3.0,0.0,11.0,3.0,4.0,3.0,3.0,9.0,0.0,0.0,1.0,0.0,0.0
16a04Fa.wav,Unknown,317.50549676474344,80.58354686662645,28.0,1.0,6.0,0.0,0.0,10.0,0.0,1.0,1.0,1.0,4.0,0.0,0.0,0.0,0.0,0.0
16a04La.wav,Unknown,185.82161500996872,37.976585306426685,9.0,2.0,35.0,1.0,0.0,0.0,0.0,0.0,0.0,1.0,10.0,0.0,0.0,0.0,0.0,0.0
16a04Lc.wav,Unknown,168.35572306455978,26.82938315539942,10.0,3.0,33.0,1.0,0.0,9.0,2.0,2.0,0.0,2.0,13.0,1.0,0.0,0.0,0.0,0.0
16a04Nc.wav,Unknown,194.5960213614785,29.84956281823118,14.0,3.0,11.0,1.0,0.0,12.0,0.0,1.0,0.0,1.0,10.0,1.0,0.0,0.0,0.0,0.0
16a04Tc.wav,Unknown,198.6106863486534,10.43407780964927,25.0,4.0,6.0,2.0,1.0,14.0,0.0,1.0,3.0,5.0,2.0,1.0,0.0,0.0,1.0,0.0
16a04Wb.wav,Unknown,315.88134811478125,81.3371283155826,10.0,1.0,4.0,1.0,0.0,6.0,2.0,2.0,1.0,1.0,3.0,0.0,0.0,0.0,1.0,0.0
16a04Wc.wav,Unknown,288.3621824755467,69.0138419810911,16.0,3.0,14.0,2.0,0.0,6.0,0.0,1.0,2.0,3.0,4.0,0.0,0.0,0.0,0.0,0.0
16a05Ab.wav,Unknown,317.94059370309105,42.0287579342301,22.0,4.0,19.0,4.0,0.0,8.0,3.0,3.0,3.0,2.0,9.0,1.0,1.0,1.0,0.0,1.0
16a05Ea.wav,Unknown,251.67195012374094,35.88785590295009,16.0,4.0,39.0,2.0,0.0,6.0,2.0,6.0,4.0,4.0,17.0,0.0,1.0,2.0,2.0,0.0
16a05Fc.wav,Unknown,323.82760977251144,47.69091284953736,24.0,3.0,18.0,4.0,1.0,12.0,2.0,0.0,3.0,3.0,11.0,1.0,0.0,0.0,0.0,1.0
16a05La.wav,Unknown,205.2668577495149,48.826001109636884,30.0,4.0,27.0,3.0,0.0,17.0,1.0,2.0,2.0,2.0,15.0,0.0,0.0,0.0,0.0,0.0
16a05Tb.wav,Unknown,182.0931912089627,13.268529928143382,25.0,7.0,53.0,4.0,0.0,5.0,0.0,2.0,1.0,3.0,3.0,2.0,1.0,1.0,1.0,0.0
16a05Wb.wav,Unknown,328.80244093178055,59.042583720478504,20.0,2.0,21.0,4.0,2.0,10.0,2.0,1.0,3.0,2.0,7.0,0.0,1.0,0.0,1.0,0.0
16a05Wc.wav,Unknown,376.6309084935026,35.44503831476389,5.0,2.0,27.0,1.0,0.0,7.0,1.0,3.0,2.0,1.0,11.0,0.0,1.0,1.0,1.0,0.0
16a07Ea.wav,Unknown,219.4978820208494,32.344005658993716,15.0,3.0,38.0,2.0,0.0,3.0,2.0,3.0,2.0,3.0,9.0,1.0,1.0,0.0,0.0,0.0
16a07Fa.wav,Unknown,320.5807082676443,85.00537027838104,20.0,2.0,11.0,2.0,0.0,10.0,0.0,1.0,2.0,2.0,11.0,0.0,0.0,0.0,0.0,0.0
16a07Fb.wav,Unknown,349.45133835431466,80.55865138709088,15.0,3.0,12.0,3.0,0.0,8.0,0.0,1.0,2.0,2.0,6.0,0.0,0.0,0.0,0.0,0.0
16a07La.wav,Unknown,216.58760397922572,33.366549385594276,7.0,4.0,23.0,3.0,0.0,7.0,2.0,2.0,0.0,1.0,10.0,1.0,0.0,0.0,0.0,0.0
16a07Lb.wav,Unknown,175.8243401186363,39.25867122212445,13.0,2.0,17.0,1.0,0.0,8.0,2.0,3.0,1.0,2.0,9.0,0.0,0.0,0.0,0.0,0.0
16a07Nb.wav,Unknown,207.8942283283549,36.04457014740999,14.0,1.0,16.0,1.0,0.0,12.0,0.0,1.0,2.0,2.0,9.0,0.0,0.0,0.0,0.0,0.0
16a07Td.wav,Unknown,182.4449979787262,19.123864297822404,12.0,4.0,30.0,3.0,0.0,0.0,0.0,0.0,1.0,1.0,3.0,1.0,0.0,0.0,0.0,0.0
16a07Wa.wav,Unknown,326.58962483309483,81.58396987009935,16.0,2.0,22.0,3.0,0.0,6.0,0.0,1.0,3.0,2.0,7.0,0.0,1.0,0.0,0.0,0.0
16b01Aa.wav,Unknown,328.1193730978325,51.98982406897208,16.0,2.0,13.0,1.0,1.0,9.0,0.0,1.0,1.0,2.0,9.0,1.0,1.0,1.0,0.0,0.0
16b01Eb.wav,Unknown,237.26537054234575,53.28980925475599,10.0,4.0,41.0,2.0,0.0,6.0,2.0,3.0,1.0,2.0,10.0,0.0,0.0,0.0,1.0,0.0
16b01Fa.wav,Unknown,337.17391249678707,80.5699563042118,32.0,0.0,5.0,1.0,2.0,11.0,1.0,0.0,1.0,2.0,4.0,1.0,0.0,0.0,0.0,0.0
16b01La.wav,Unknown,184.50238468587892,41.34316531425429,12.0,3.0,40.0,2.0,0.0,1.0,1.0,2.0,0.0,1.0,13.0,0.0,0.0,0.0,0.0,0.0
16b01Lc.wav,Unknown,202.3499436655307,26.49451635248793,14.0,2.0,33.0,1.0,0.0,3.0,1.0,2.0,0.0,1.0,13.0,0.0,0.0,0.0,0.0,0.0
16b01Tb.wav,Unknown,199.76904823783917,26.435197112638217,12.0,5.0,53.0,3.0,1.0,1.0,0.0,0.0,1.0,2.0,3.0,3.0,2.0,1.0,0.0,0.0
16b01Wa.wav,Unknown,236.68115921342118,55.74225643826384,22.0,2.0,24.0,2.0,0.0,8.0,0.0,1.0,3.0,3.0,6.0,0.0,0.0,0.0,0.0,0.0
16b01Wb.wav,Unknown,289.1632929802175,69.42536490681499,31.0,3.0,17.0,3.0,0.0,8.0,1.0,1.0,1.0,1.0,5.0,0.0,0.0,0.0,0.0,0.0
16b02Aa.wav,Unknown,352.739069666451,40.812478142082824,21.0,2.0,21.0,4.0,1.0,15.0,1.0,1.0,4.0,2.0,8.0,0.0,2.0,0.0,0.0,0.0
16b02Eb.wav,Unknown,230.21130516350163,45.50100980294198,28.0,4.0,52.0,4.0,0.0,9.0,1.0,2.0,3.0,3.0,10.0,0.0,1.0,0.0,0.0,0.0
16b02Fd.wav,Unknown,316.3488118111001,81.49733039631195,21.0,1.0,33.0,2.0,0.0,9.0,2.0,2.0,2.0,1.0,21.0,0.0,1.0,0.0,0.0,0.0
16b02Lb.wav,Unknown,197.43534217057783,52.25149320713094,30.0,2.0,32.0,1.0,0.0,16.0,0.0,1.0,2.0,2.0,13.0,0.0,0.0,0.0,0.0,0.0
16b02Wb.wav,Unknown,353.5530111860285,60.14991179547984,12.0,1.0,18.0,2.0,1.0,15.0,3.0,3.0,3.0,2.0,15.0,0.0,1.0,0.0,0.0,0.0
16b03Ad.wav,Unknown,321.5822961602548,28.349818572620936,28.0,2.0,18.0,3.0,0.0,15.0,1.0,2.0,6.0,4.0,8.0,0.0,2.0,1.0,0.0,0.0
16b03Ea.wav,Unknown,210.3780389066808,33.67592923645072,30.0,3.0,57.0,2.0,0.0,9.0,4.0,6.0,4.0,4.0,29.0,1.0,1.0,1.0,0.0,0.0
16b03Fa.wav,Unknown,312.91511788530255,70.09183624482546,27.0,4.0,21.0,4.0,0.0,17.0,2.0,3.0,3.0,3.0,18.0,0.0,0.0,0.0,0.0,0.0
16b03Fd.wav,Unknown,289.766405357192,63.47129044662605,7.0,3.0,43.0,3.0,0.0,11.0,0.0,1.0,2.0,2.0,27.0,1.0,1.0,0.0,0.0,0.0
16b03La.wav,Unknown,203.22610806321,41.45910369903418,32.0,3.0,25.0,1.0,0.0,21.0,1.0,3.0,1.0,2.0,19.0,0.0,0.0,1.0,0.0,0.0
16b03Nb.wav,Unknown,185.9780573699624,33.228732759261746,26.0,2.0,40.0,2.0,0.0,11.0,2.0,3.0,3.0,3.0,15.0,0.0,0.0,0.0,0.0,0.0
16b03Ta.wav,Unknown,177.21886562752888,13.908786019391103,28.0,6.0,33.0,5.0,1.0,17.0,4.0,6.0,4.0,5.0,19.0,1.0,1.0,1.0,1.0,0.0
16b03Wb.wav,Unknown,336.54022707477867,56.720292239354485,45.0,4.0,20.0,4.0,0.0,12.0,3.0,3.0,2.0,2.0,5.0,0.0,0.0,0.0,0.0,0.0
16b09Ab.wav,Unknown,329.5890849452253,52.70633922634802,32.0,1.0,7.0,2.0,0.0,10.0,1.0,1.0,2.0,1.0,4.0,0.0,1.0,0.0,0.0,0.0
16b09Eb.wav,Unknown,216.922725433102,30.039280690667443,34.0,9.0,24.0,6.0,0.0,18.0,1.0,4.0,4.0,3.0,12.0,0.0,0.0,4.0,0.0,2.0
16b09Fb.wav,Unknown,300.6596427965169,64.19421573178188,37.0,2.0,25.0,3.0,0.0,12.0,0.0,1.0,4.0,3.0,5.0,0.0,1.0,0.0,0.0,0.0
16b09La.wav,Unknown,233.38569070084083,48.36556744294149,38.0,2.0,7.0,1.0,0.0,20.0,1.0,2.0,1.0,1.0,10.0,0.0,0.0,0.0,0.0,0.0
16b09Lb.wav,Unknown,190.80446976024413,58.56438808212245,15.0,2.0,49.0,1.0,0.0,0.0,0.0,0.0,0.0,1.0,12.0,0.0,0.0,0.0,0.0,0.0
16b09Wb.wav,Unknown,301.95579026675216,79.96670386751643,26.0,2.0,10.0,1.0,0.0,8.0,0.0,1.0,1.0,1.0,5.0,0.0,0.0,0.0,0.0,0.0
16b10Aa.wav,Unknown,293.880524605146,37.99862117541618,36.0,4.0,5.0,2.0,0.0,13.0,1.0,1.0,3.0,4.0,3.0,1.0,0.0,1.0,0.0,0.0
16b10Eb.wav,Unknown,234.86846020868884,39.27477052088452,17.0,5.0,31.0,6.0,0.0,12.0,2.0,2.0,4.0,2.0,13.0,0.0,1.0,0.0,0.0,0.0
16b10Fb.wav,Unknown,344.56177316624866,80.20584060622296,15.0,2.0,14.0,1.0,0.0,11.0,0.0,1.0,2.0,3.0,8.0,1.0,0.0,0.0,0.0,0.0
16b10Lb.wav,Unknown,187.1364066039256,47.43523472371092,23.0,2.0,42.0,1.0,0.0,5.0,1.0,2.0,2.0,2.0,15.0,0.0,0.0,0.0,0.0,0.0
16b10Tb.wav,Unknown,208.61405560586024,21.54724774542769,20.0,4.0,36.0,3.0,0.0,4.0,1.0,3.0,1.0,2.0,7.0,0.0,1.0,0.0,1.0,0.0
16b10Td.wav,Unknown,174.83987315744767,22.437135274569073,32.0,4.0,32.0,3.0,0.0,14.0,1.0,1.0,1.0,1.0,3.0,0.0,0.0,0.0,0.0,0.0
16b10Wa.wav,Unknown,288.6890653615891,72.93559350631523,16.0,4.0,15.0,5.0,0.0,9.0,1.0,1.0,2.0,1.0,10.0,0.0,1.0,0.0,0.0,0.0
16b10Wb.wav,Unknown,293.13601486652755,66.5595291878946,15.0,2.0,19.0,2.0,0.0,6.0,0.0,1.0,1.0,1.0,9.0,1.0,2.0,0.0,0.0,0.0
